Data,V1,V1Ext,V2,V2Ext,Final
PHQ-2,syn10250486,xls,syn9974012,csv,syn17020855
AUDIT-C,syn10250481,xls,syn9974011,csv,syn17021280
HealthApplications,syn10250489,xls,syn9974014,csv,syn17022426
GAD-7,syn10250488,xls,syn9974013,csv,syn17022655
SDS,syn10250493,xls,syn9974021,csv,syn17022658
Sleep,syn10250494,xls,syn9974022,csv,syn17022659
MHServices,syn10250490,xls,syn9974017,csv,syn17022660
Mood,syn10250491,xls,syn9974019,csv,syn17023313
MHScreening,syn10250487,xls,syn9974018,csv,syn17023316
OtherMobileApps,syn10250483,xls,,,syn17025058
AppSatisfaction,syn10250484,xls,,,syn17025202
PHQ-9,syn10250492,xls,syn9974020,csv,syn16787460
