"","volume","synID","fileName","variables"
"1","V1","syn10236538","brighten_v1_passive_features.tsv","user_id, study_arm, unreturned_calls, mobility, sms_length, call_duration, interaction_diversity, missed_interactions, aggregate_communication, sms_count, mobility_radius, call_count, passive_date_pacific, User_Phone_Type, Cohort, brightenid, day, week, start"
"2","V1","syn10236539","brighten_v1_phq2_scores.tsv","brightenid, user_id, phq2_date_local, start, day, phq2ResponseTimeSecs, sum_phq2, study_arm"
"3","V1","syn10236540","brighten_v1_phq9_scores.tsv","user_id, brightenid, study_arm, start, week, phq9ResponseTimeSecs, sum_phq9, sum_phq10"
"4","V1","syn10236547","brighten_v1_study_metadata.tsv","brightenid, user_id, Gender, Age, State, education, employed, income1, income2, marital, race, hispanic, referral, specreferral, sideation, ordinalincome, racerecoded, minority, primary, survivaldays, dropout, psychiatrist, therapist, group, book, medication, otherhelp, baseline_phq9, study_arm"
"5","V1","syn9796114","brighten_evo_game.csv","user_name, study_name, user_id, session_id, date_played, map, ray, group, type, infinity_mode, move_alone, star_number, session_secs, age, sex, nav_iso_pass_value, nav_int_pass_value, diag_passed, session_number, start_date, end_date, max_sessions, day_number, max_days, diag_sessions_all, diag_sessions_passed, diag_sessions_failed, training_sessions, max_star, total_mins_played, mins_played_to_date, move_alongs, grind_ses, afternoon, tar_int_pc, nav_int_pc, tar_iso_pc, nav_iso_pc, sd_x, sd_y, sd_z, m_x, m_y, m_z, sd_r, sd_a, sd_p, m_r, m_a, m_p, training_invalid, session_invalid, num_training_invalid, max_move_alongs, max_grind_ses, percent_afternoon, max_failed_chals, max_trainings, max_passed_chals, max_chals, max_good_trains, comp_sessions, total_valid_mins, mins_since_last, day_mean_secs, day_sessions, day_total_mins, day_ses_div_7, mean_mins_per_day, sd_mins_per_day, rolling_7day_sessions, slope_7day_sessions, day_blocks, mean_day_blocks, sd_day_blocks, tar_iso_thresh___, tar_int_thresh___, tar_cost_thresh___, tar_costabs_thresh___, tar_costdelta_thresh___, tar_costdeltaabs_thresh___, tar_isoscaled_thresh__, tar_intscaled_thresh__, tar_costscaled_thresh__, tar_costscaledabs_thresh__, tar_iso_msec___, tar_int_msec___, tar_cost_msec___, tar_costabs_msec___, tar_costdelta_msec___, tar_costdeltaabs_msec___, tar_isoscaled_msec__, tar_intscaled_msec__, tar_costscaled_msec__, tar_costscaledabs_msec__, tar_iso_lvl_all_mean_, tar_int_lvl_all_mean_, tar_cost_lvl_all_mean_, tar_costabs_lvl_all_mean_, tar_costdelta_lvl_all_mean_, tar_costdeltaabs_lvl_all_mean_, tar_iso_lvl_all_sd_, tar_int_lvl_all_sd_, tar_cost_lvl_all_sd_, tar_costabs_lvl_all_sd_, tar_costdelta_lvl_all_sd_, tar_costdeltaabs_lvl_all_sd_, tar_iso_lvl_all_corr_order, tar_int_lvl_all_corr_order, tar_cost_lvl_all_corr_order, tar_costabs_lvl_all_corr_order, tar_costdelta_lvl_all_corr_order, tar_costdeltaabs_lvl_all_corr_order, tar_iso_lvl_all_corr_rank, tar_int_lvl_all_corr_rank, tar_cost_lvl_all_corr_rank, tar_costabs_lvl_all_corr_rank, tar_costdelta_lvl_all_corr_rank, tar_costdeltaabs_lvl_all_corr_rank, tar_iso_lvl_hit_mean_, tar_int_lvl_hit_mean_, tar_cost_lvl_hit_mean_, tar_costabs_lvl_hit_mean_, tar_costdelta_lvl_hit_mean_, tar_costdeltaabs_lvl_hit_mean_, tar_iso_lvl_hit_sd_, tar_int_lvl_hit_sd_, tar_cost_lvl_hit_sd_, tar_costabs_lvl_hit_sd_, tar_costdelta_lvl_hit_sd_, tar_costdeltaabs_lvl_hit_sd_, tar_iso_lvl_hit_corr_rt, tar_int_lvl_hit_corr_rt, tar_cost_lvl_hit_corr_rt, tar_costabs_lvl_hit_corr_rt, tar_costdelta_lvl_hit_corr_rt, tar_costdeltaabs_lvl_hit_corr_rt, tar_iso_lvl_hit_corr_order, tar_int_lvl_hit_corr_order, tar_cost_lvl_hit_corr_order, tar_costabs_lvl_hit_corr_order, tar_costdelta_lvl_hit_corr_order, tar_costdeltaabs_lvl_hit_corr_order, tar_iso_lvl_hit_corr_rank, tar_int_lvl_hit_corr_rank, tar_cost_lvl_hit_corr_rank, tar_costabs_lvl_hit_corr_rank, tar_costdelta_lvl_hit_corr_rank, tar_costdeltaabs_lvl_hit_corr_rank, tar_iso_lvl_miss_mean_, tar_int_lvl_miss_mean_, tar_cost_lvl_miss_mean_, tar_costabs_lvl_miss_mean_, tar_costdelta_lvl_miss_mean_, tar_costdeltaabs_lvl_miss_mean_, tar_iso_lvl_miss_sd_, tar_int_lvl_miss_sd_, tar_cost_lvl_miss_sd_, tar_costabs_lvl_miss_sd_, tar_costdelta_lvl_miss_sd_, tar_costdeltaabs_lvl_miss_sd_, tar_iso_lvl_miss_corr_order, tar_int_lvl_miss_corr_order, tar_cost_lvl_miss_corr_order, tar_costabs_lvl_miss_corr_order, tar_costdelta_lvl_miss_corr_order, tar_costdeltaabs_lvl_miss_corr_order, tar_iso_lvl_miss_corr_rank, tar_int_lvl_miss_corr_rank, tar_cost_lvl_miss_corr_rank, tar_costabs_lvl_miss_corr_rank, tar_costdelta_lvl_miss_corr_rank, tar_costdeltaabs_lvl_miss_corr_rank, tar_iso_lvl_fa_mean_, tar_int_lvl_fa_mean_, tar_cost_lvl_fa_mean_, tar_costabs_lvl_fa_mean_, tar_costdelta_lvl_fa_mean_, tar_costdeltaabs_lvl_fa_mean_, tar_iso_lvl_fa_sd_, tar_int_lvl_fa_sd_, tar_cost_lvl_fa_sd_, tar_costabs_lvl_fa_sd_, tar_costdelta_lvl_fa_sd_, tar_costdeltaabs_lvl_fa_sd_, tar_iso_lvl_fa_corr_order, tar_int_lvl_fa_corr_order, tar_cost_lvl_fa_corr_order, tar_costabs_lvl_fa_corr_order, tar_costdelta_lvl_fa_corr_order, tar_costdeltaabs_lvl_fa_corr_order, tar_iso_lvl_fa_corr_rank, tar_int_lvl_fa_corr_rank, tar_cost_lvl_fa_corr_rank, tar_costabs_lvl_fa_corr_rank, tar_costdelta_lvl_fa_corr_rank, tar_costdeltaabs_lvl_fa_corr_rank, tar_iso_lvl_cr_mean_, tar_int_lvl_cr_mean_, tar_cost_lvl_cr_mean_, tar_costabs_lvl_cr_mean_, tar_costdelta_lvl_cr_mean_, tar_costdeltaabs_lvl_cr_mean_, tar_iso_lvl_cr_sd_, tar_int_lvl_cr_sd_, tar_cost_lvl_cr_sd_, tar_costabs_lvl_cr_sd_, tar_costdelta_lvl_cr_sd_, tar_costdeltaabs_lvl_cr_sd_, tar_iso_lvl_cr_corr_order, tar_int_lvl_cr_corr_order, tar_cost_lvl_cr_corr_order, tar_costabs_lvl_cr_corr_order, tar_costdelta_lvl_cr_corr_order, tar_costdeltaabs_lvl_cr_corr_order, tar_iso_lvl_cr_corr_rank, tar_int_lvl_cr_corr_rank, tar_cost_lvl_cr_corr_rank, tar_costabs_lvl_cr_corr_rank, tar_costdelta_lvl_cr_corr_rank, tar_costdeltaabs_lvl_cr_corr_rank, tar_iso_lvl_rev_mean_, tar_int_lvl_rev_mean_, tar_cost_lvl_rev_mean_, tar_costabs_lvl_rev_mean_, tar_costdelta_lvl_rev_mean_, tar_costdeltaabs_lvl_rev_mean_, tar_iso_lvl_rev_sd_, tar_int_lvl_rev_sd_, tar_cost_lvl_rev_sd_, tar_costabs_lvl_rev_sd_, tar_costdelta_lvl_rev_sd_, tar_costdeltaabs_lvl_rev_sd_, tar_iso_lvl_rev_corr_order, tar_int_lvl_rev_corr_order, tar_cost_lvl_rev_corr_order, tar_costabs_lvl_rev_corr_order, tar_costdelta_lvl_rev_corr_order, tar_costdeltaabs_lvl_rev_corr_order, tar_iso_lvl_rev_corr_rank, tar_int_lvl_rev_corr_rank, tar_cost_lvl_rev_corr_rank, tar_costabs_lvl_rev_corr_rank, tar_costdelta_lvl_rev_corr_rank, tar_costdeltaabs_lvl_rev_corr_rank, tar_iso_rt_hit_mean_, tar_int_rt_hit_mean_, tar_cost_rt_hit_mean_, tar_costabs_rt_hit_mean_, tar_costdelta_rt_hit_mean_, tar_costdeltaabs_rt_hit_mean_, tar_iso_rt_hit_sd_, tar_int_rt_hit_sd_, tar_cost_rt_hit_sd_, tar_costabs_rt_hit_sd_, tar_costdelta_rt_hit_sd_, tar_costdeltaabs_rt_hit_sd_, tar_iso_rt_hit_corr_order, tar_int_rt_hit_corr_order, tar_cost_rt_hit_corr_order, tar_costabs_rt_hit_corr_order, tar_costdelta_rt_hit_corr_order, tar_costdeltaabs_rt_hit_corr_order, tar_iso_rt_hit_corr_rank, tar_int_rt_hit_corr_rank, tar_cost_rt_hit_corr_rank, tar_costabs_rt_hit_corr_rank, tar_costdelta_rt_hit_corr_rank, tar_costdeltaabs_rt_hit_corr_rank, tar_iso_art_hit_mean_, tar_int_art_hit_mean_, tar_cost_art_hit_mean_, tar_costabs_art_hit_mean_, tar_costdelta_art_hit_mean_, tar_costdeltaabs_art_hit_mean_, tar_iso_art_hit_sd_, tar_int_art_hit_sd_, tar_cost_art_hit_sd_, tar_costabs_art_hit_sd_, tar_costdelta_art_hit_sd_, tar_costdeltaabs_art_hit_sd_, tar_iso_art_hit_corr_order, tar_int_art_hit_corr_order, tar_cost_art_hit_corr_order, tar_costabs_art_hit_corr_order, tar_costdelta_art_hit_corr_order, tar_costdeltaabs_art_hit_corr_order, tar_iso_art_hit_corr_rank, tar_int_art_hit_corr_rank, tar_cost_art_hit_corr_rank, tar_costabs_art_hit_corr_rank, tar_costdelta_art_hit_corr_rank, tar_costdeltaabs_art_hit_corr_rank, tar_iso_rsp_all_count_, tar_int_rsp_all_count_, tar_cost_rsp_all_count_, tar_costabs_rsp_all_count_, tar_costdelta_rsp_all_count_, tar_costdeltaabs_rsp_all_count_, tar_iso_rsp_all_aprime_, tar_int_rsp_all_aprime_, tar_cost_rsp_all_aprime_, tar_costabs_rsp_all_aprime_, tar_costdelta_rsp_all_aprime_, tar_costdeltaabs_rsp_all_aprime_, tar_iso_rsp_all_dprime_, tar_int_rsp_all_dprime_, tar_cost_rsp_all_dprime_, tar_costabs_rsp_all_dprime_, tar_costdelta_rsp_all_dprime_, tar_costdeltaabs_rsp_all_dprime_, tar_iso_rsp_all_PC_, tar_int_rsp_all_PC_, tar_cost_rsp_all_PC_, tar_costabs_rsp_all_PC_, tar_costdelta_rsp_all_PC_, tar_costdeltaabs_rsp_all_PC_, tar_iso_rsp_hit_count_, tar_int_rsp_hit_count_, tar_cost_rsp_hit_count_, tar_costabs_rsp_hit_count_, tar_costdelta_rsp_hit_count_, tar_costdeltaabs_rsp_hit_count_, tar_iso_rsp_hit_rate_, tar_int_rsp_hit_rate_, tar_cost_rsp_hit_rate_, tar_costabs_rsp_hit_rate_, tar_costdelta_rsp_hit_rate_, tar_costdeltaabs_rsp_hit_rate_, tar_iso_rsp_hit_per_, tar_int_rsp_hit_per_, tar_cost_rsp_hit_per_, tar_costabs_rsp_hit_per_, tar_costdelta_rsp_hit_per_, tar_costdeltaabs_rsp_hit_per_, tar_iso_rsp_miss_count_, tar_int_rsp_miss_count_, tar_cost_rsp_miss_count_, tar_costabs_rsp_miss_count_, tar_costdelta_rsp_miss_count_, tar_costdeltaabs_rsp_miss_count_, tar_iso_rsp_miss_rate_, tar_int_rsp_miss_rate_, tar_cost_rsp_miss_rate_, tar_costabs_rsp_miss_rate_, tar_costdelta_rsp_miss_rate_, tar_costdeltaabs_rsp_miss_rate_, tar_iso_rsp_miss_per_, tar_int_rsp_miss_per_, tar_cost_rsp_miss_per_, tar_costabs_rsp_miss_per_, tar_costdelta_rsp_miss_per_, tar_costdeltaabs_rsp_miss_per_, tar_iso_rsp_fa_count_, tar_int_rsp_fa_count_, tar_cost_rsp_fa_count_, tar_costabs_rsp_fa_count_, tar_costdelta_rsp_fa_count_, tar_costdeltaabs_rsp_fa_count_, tar_iso_rsp_fa_rate_, tar_int_rsp_fa_rate_, tar_cost_rsp_fa_rate_, tar_costabs_rsp_fa_rate_, tar_costdelta_rsp_fa_rate_, tar_costdeltaabs_rsp_fa_rate_, tar_iso_rsp_fa_per_, tar_int_rsp_fa_per_, tar_cost_rsp_fa_per_, tar_costabs_rsp_fa_per_, tar_costdelta_rsp_fa_per_, tar_costdeltaabs_rsp_fa_per_, tar_iso_rsp_cr_count_, tar_int_rsp_cr_count_, tar_cost_rsp_cr_count_, tar_costabs_rsp_cr_count_, tar_costdelta_rsp_cr_count_, tar_costdeltaabs_rsp_cr_count_, tar_iso_rsp_cr_rate_, tar_int_rsp_cr_rate_, tar_cost_rsp_cr_rate_, tar_costabs_rsp_cr_rate_, tar_costdelta_rsp_cr_rate_, tar_costdeltaabs_rsp_cr_rate_, tar_iso_rsp_cr_per_, tar_int_rsp_cr_per_, tar_cost_rsp_cr_per_, tar_costabs_rsp_cr_per_, tar_costdelta_rsp_cr_per_, tar_costdeltaabs_rsp_cr_per_, nav_iso_thresh___, nav_int_thresh___, nav_cost_thresh___, nav_costabs_thresh___, nav_costdelta_thresh___, nav_costdeltaabs_thresh___, nav_isoscaled_thresh__, nav_intscaled_thresh__, nav_costscaled_thresh__, nav_costscaledabs_thresh__, nav_iso_msec___, nav_int_msec___, nav_cost_msec___, nav_costabs_msec___, nav_costdelta_msec___, nav_costdeltaabs_msec___, nav_isoscaled_msec__, nav_intscaled_msec__, nav_costscaled_msec__, nav_costscaledabs_msec__, nav_iso_lvl_hit_mean_, nav_int_lvl_hit_mean_, nav_cost_lvl_hit_mean_, nav_costabs_lvl_hit_mean_, nav_costdelta_lvl_hit_mean_, nav_costdeltaabs_lvl_hit_mean_, nav_iso_lvl_hit_sd_, nav_int_lvl_hit_sd_, nav_cost_lvl_hit_sd_, nav_costabs_lvl_hit_sd_, nav_costdelta_lvl_hit_sd_, nav_costdeltaabs_lvl_hit_sd_, nav_iso_lvl_hit_corr_order, nav_int_lvl_hit_corr_order, nav_cost_lvl_hit_corr_order, nav_costabs_lvl_hit_corr_order, nav_costdelta_lvl_hit_corr_order, nav_costdeltaabs_lvl_hit_corr_order, nav_iso_lvl_hit_corr_rank, nav_int_lvl_hit_corr_rank, nav_cost_lvl_hit_corr_rank, nav_costabs_lvl_hit_corr_rank, nav_costdelta_lvl_hit_corr_rank, nav_costdeltaabs_lvl_hit_corr_rank, nav_iso_lvl_miss_mean_, nav_int_lvl_miss_mean_, nav_cost_lvl_miss_mean_, nav_costabs_lvl_miss_mean_, nav_costdelta_lvl_miss_mean_, nav_costdeltaabs_lvl_miss_mean_, nav_iso_lvl_miss_sd_, nav_int_lvl_miss_sd_, nav_cost_lvl_miss_sd_, nav_costabs_lvl_miss_sd_, nav_costdelta_lvl_miss_sd_, nav_costdeltaabs_lvl_miss_sd_, nav_iso_lvl_miss_corr_order, nav_int_lvl_miss_corr_order, nav_cost_lvl_miss_corr_order, nav_costabs_lvl_miss_corr_order, nav_costdelta_lvl_miss_corr_order, nav_costdeltaabs_lvl_miss_corr_order, nav_iso_lvl_miss_corr_rank, nav_int_lvl_miss_corr_rank, nav_cost_lvl_miss_corr_rank, nav_costabs_lvl_miss_corr_rank, nav_costdelta_lvl_miss_corr_rank, nav_costdeltaabs_lvl_miss_corr_rank, tn_iso_thresh___, tn_int_thresh___, tn_cost_thresh___, tn_costabs_thresh___, tn_costdelta_thresh___, tn_costdeltaabs_thresh___, tn_isoscaled_thresh__, tn_intscaled_thresh__, tn_costscaled_thresh__, tn_costscaledabs_thresh__, tn_tradeoff_thresh, tn_iso_msec___, tn_int_msec___, tn_cost_msec___, tn_costabs_msec___, tn_costdelta_msec___, tn_costdeltaabs_msec___, tn_isoscaled_msec__, tn_intscaled_msec__, tn_costscaled_msec__, tn_costscaledabs_msec__, tn_tradeoff_msec"
"6","V1","syn5908863","dailymood_434.csv","user_id, sent_time_local, sent_time_utc, response_local, response_utc, response_id, Feeling.down..depressed..or.hopeless., Little.interest.or.pleasure.in.doing.things."
"7","V1","syn5908857","phq9_4.xls","user_id, brightenid, start, week, sent_time_local, sent_time_utc, response_local, response_utc, response_id, ph1, ph2, ph3, ph4, ph5, ph6, ph7, ph8, ph9, phdis"
"8","V1","syn10082863","005_allses_set.csv","user_name, study_name, user_id, session_id, date_played, map, ray, group, type, infinity_mode, move_alone, star_number, session_secs, age, sex, nav_iso_pass_value, nav_int_pass_value, diag_passed, session_number, start_date, end_date, max_sessions, day_number, max_days, diag_sessions_all, diag_sessions_passed, diag_sessions_failed, training_sessions, max_star, total_mins_played, mins_played_to_date, move_alongs, grind_ses, afternoon, tar_int_pc, nav_int_pc, tar_iso_pc, nav_iso_pc, sd_x, sd_y, sd_z, m_x, m_y, m_z, sd_r, sd_a, sd_p, m_r, m_a, m_p, training_invalid, session_invalid, num_training_invalid, max_move_alongs, max_grind_ses, percent_afternoon, max_failed_chals, max_trainings, max_passed_chals, max_chals, max_good_trains, comp_sessions, total_valid_mins, mins_since_last, day_mean_secs, day_sessions, day_total_mins, day_ses_div_7, mean_mins_per_day, sd_mins_per_day, rolling_7day_sessions, slope_7day_sessions, day_blocks, mean_day_blocks, sd_day_blocks, tar_iso_thresh___, tar_int_thresh___, tar_cost_thresh___, tar_costabs_thresh___, tar_costdelta_thresh___, tar_costdeltaabs_thresh___, tar_isoscaled_thresh__, tar_intscaled_thresh__, tar_costscaled_thresh__, tar_costscaledabs_thresh__, tar_iso_msec___, tar_int_msec___, tar_cost_msec___, tar_costabs_msec___, tar_costdelta_msec___, tar_costdeltaabs_msec___, tar_isoscaled_msec__, tar_intscaled_msec__, tar_costscaled_msec__, tar_costscaledabs_msec__, tar_iso_lvl_all_mean_, tar_int_lvl_all_mean_, tar_cost_lvl_all_mean_, tar_costabs_lvl_all_mean_, tar_costdelta_lvl_all_mean_, tar_costdeltaabs_lvl_all_mean_, tar_iso_lvl_all_sd_, tar_int_lvl_all_sd_, tar_cost_lvl_all_sd_, tar_costabs_lvl_all_sd_, tar_costdelta_lvl_all_sd_, tar_costdeltaabs_lvl_all_sd_, tar_iso_lvl_all_corr_order, tar_int_lvl_all_corr_order, tar_cost_lvl_all_corr_order, tar_costabs_lvl_all_corr_order, tar_costdelta_lvl_all_corr_order, tar_costdeltaabs_lvl_all_corr_order, tar_iso_lvl_all_corr_rank, tar_int_lvl_all_corr_rank, tar_cost_lvl_all_corr_rank, tar_costabs_lvl_all_corr_rank, tar_costdelta_lvl_all_corr_rank, tar_costdeltaabs_lvl_all_corr_rank, tar_iso_lvl_hit_mean_, tar_int_lvl_hit_mean_, tar_cost_lvl_hit_mean_, tar_costabs_lvl_hit_mean_, tar_costdelta_lvl_hit_mean_, tar_costdeltaabs_lvl_hit_mean_, tar_iso_lvl_hit_sd_, tar_int_lvl_hit_sd_, tar_cost_lvl_hit_sd_, tar_costabs_lvl_hit_sd_, tar_costdelta_lvl_hit_sd_, tar_costdeltaabs_lvl_hit_sd_, tar_iso_lvl_hit_corr_rt, tar_int_lvl_hit_corr_rt, tar_cost_lvl_hit_corr_rt, tar_costabs_lvl_hit_corr_rt, tar_costdelta_lvl_hit_corr_rt, tar_costdeltaabs_lvl_hit_corr_rt, tar_iso_lvl_hit_corr_order, tar_int_lvl_hit_corr_order, tar_cost_lvl_hit_corr_order, tar_costabs_lvl_hit_corr_order, tar_costdelta_lvl_hit_corr_order, tar_costdeltaabs_lvl_hit_corr_order, tar_iso_lvl_hit_corr_rank, tar_int_lvl_hit_corr_rank, tar_cost_lvl_hit_corr_rank, tar_costabs_lvl_hit_corr_rank, tar_costdelta_lvl_hit_corr_rank, tar_costdeltaabs_lvl_hit_corr_rank, tar_iso_lvl_miss_mean_, tar_int_lvl_miss_mean_, tar_cost_lvl_miss_mean_, tar_costabs_lvl_miss_mean_, tar_costdelta_lvl_miss_mean_, tar_costdeltaabs_lvl_miss_mean_, tar_iso_lvl_miss_sd_, tar_int_lvl_miss_sd_, tar_cost_lvl_miss_sd_, tar_costabs_lvl_miss_sd_, tar_costdelta_lvl_miss_sd_, tar_costdeltaabs_lvl_miss_sd_, tar_iso_lvl_miss_corr_order, tar_int_lvl_miss_corr_order, tar_cost_lvl_miss_corr_order, tar_costabs_lvl_miss_corr_order, tar_costdelta_lvl_miss_corr_order, tar_costdeltaabs_lvl_miss_corr_order, tar_iso_lvl_miss_corr_rank, tar_int_lvl_miss_corr_rank, tar_cost_lvl_miss_corr_rank, tar_costabs_lvl_miss_corr_rank, tar_costdelta_lvl_miss_corr_rank, tar_costdeltaabs_lvl_miss_corr_rank, tar_iso_lvl_fa_mean_, tar_int_lvl_fa_mean_, tar_cost_lvl_fa_mean_, tar_costabs_lvl_fa_mean_, tar_costdelta_lvl_fa_mean_, tar_costdeltaabs_lvl_fa_mean_, tar_iso_lvl_fa_sd_, tar_int_lvl_fa_sd_, tar_cost_lvl_fa_sd_, tar_costabs_lvl_fa_sd_, tar_costdelta_lvl_fa_sd_, tar_costdeltaabs_lvl_fa_sd_, tar_iso_lvl_fa_corr_order, tar_int_lvl_fa_corr_order, tar_cost_lvl_fa_corr_order, tar_costabs_lvl_fa_corr_order, tar_costdelta_lvl_fa_corr_order, tar_costdeltaabs_lvl_fa_corr_order, tar_iso_lvl_fa_corr_rank, tar_int_lvl_fa_corr_rank, tar_cost_lvl_fa_corr_rank, tar_costabs_lvl_fa_corr_rank, tar_costdelta_lvl_fa_corr_rank, tar_costdeltaabs_lvl_fa_corr_rank, tar_iso_lvl_cr_mean_, tar_int_lvl_cr_mean_, tar_cost_lvl_cr_mean_, tar_costabs_lvl_cr_mean_, tar_costdelta_lvl_cr_mean_, tar_costdeltaabs_lvl_cr_mean_, tar_iso_lvl_cr_sd_, tar_int_lvl_cr_sd_, tar_cost_lvl_cr_sd_, tar_costabs_lvl_cr_sd_, tar_costdelta_lvl_cr_sd_, tar_costdeltaabs_lvl_cr_sd_, tar_iso_lvl_cr_corr_order, tar_int_lvl_cr_corr_order, tar_cost_lvl_cr_corr_order, tar_costabs_lvl_cr_corr_order, tar_costdelta_lvl_cr_corr_order, tar_costdeltaabs_lvl_cr_corr_order, tar_iso_lvl_cr_corr_rank, tar_int_lvl_cr_corr_rank, tar_cost_lvl_cr_corr_rank, tar_costabs_lvl_cr_corr_rank, tar_costdelta_lvl_cr_corr_rank, tar_costdeltaabs_lvl_cr_corr_rank, tar_iso_lvl_rev_mean_, tar_int_lvl_rev_mean_, tar_cost_lvl_rev_mean_, tar_costabs_lvl_rev_mean_, tar_costdelta_lvl_rev_mean_, tar_costdeltaabs_lvl_rev_mean_, tar_iso_lvl_rev_sd_, tar_int_lvl_rev_sd_, tar_cost_lvl_rev_sd_, tar_costabs_lvl_rev_sd_, tar_costdelta_lvl_rev_sd_, tar_costdeltaabs_lvl_rev_sd_, tar_iso_lvl_rev_corr_order, tar_int_lvl_rev_corr_order, tar_cost_lvl_rev_corr_order, tar_costabs_lvl_rev_corr_order, tar_costdelta_lvl_rev_corr_order, tar_costdeltaabs_lvl_rev_corr_order, tar_iso_lvl_rev_corr_rank, tar_int_lvl_rev_corr_rank, tar_cost_lvl_rev_corr_rank, tar_costabs_lvl_rev_corr_rank, tar_costdelta_lvl_rev_corr_rank, tar_costdeltaabs_lvl_rev_corr_rank, tar_iso_rt_hit_mean_, tar_int_rt_hit_mean_, tar_cost_rt_hit_mean_, tar_costabs_rt_hit_mean_, tar_costdelta_rt_hit_mean_, tar_costdeltaabs_rt_hit_mean_, tar_iso_rt_hit_sd_, tar_int_rt_hit_sd_, tar_cost_rt_hit_sd_, tar_costabs_rt_hit_sd_, tar_costdelta_rt_hit_sd_, tar_costdeltaabs_rt_hit_sd_, tar_iso_rt_hit_corr_order, tar_int_rt_hit_corr_order, tar_cost_rt_hit_corr_order, tar_costabs_rt_hit_corr_order, tar_costdelta_rt_hit_corr_order, tar_costdeltaabs_rt_hit_corr_order, tar_iso_rt_hit_corr_rank, tar_int_rt_hit_corr_rank, tar_cost_rt_hit_corr_rank, tar_costabs_rt_hit_corr_rank, tar_costdelta_rt_hit_corr_rank, tar_costdeltaabs_rt_hit_corr_rank, tar_iso_art_hit_mean_, tar_int_art_hit_mean_, tar_cost_art_hit_mean_, tar_costabs_art_hit_mean_, tar_costdelta_art_hit_mean_, tar_costdeltaabs_art_hit_mean_, tar_iso_art_hit_sd_, tar_int_art_hit_sd_, tar_cost_art_hit_sd_, tar_costabs_art_hit_sd_, tar_costdelta_art_hit_sd_, tar_costdeltaabs_art_hit_sd_, tar_iso_art_hit_corr_order, tar_int_art_hit_corr_order, tar_cost_art_hit_corr_order, tar_costabs_art_hit_corr_order, tar_costdelta_art_hit_corr_order, tar_costdeltaabs_art_hit_corr_order, tar_iso_art_hit_corr_rank, tar_int_art_hit_corr_rank, tar_cost_art_hit_corr_rank, tar_costabs_art_hit_corr_rank, tar_costdelta_art_hit_corr_rank, tar_costdeltaabs_art_hit_corr_rank, tar_iso_rsp_all_count_, tar_int_rsp_all_count_, tar_cost_rsp_all_count_, tar_costabs_rsp_all_count_, tar_costdelta_rsp_all_count_, tar_costdeltaabs_rsp_all_count_, tar_iso_rsp_all_aprime_, tar_int_rsp_all_aprime_, tar_cost_rsp_all_aprime_, tar_costabs_rsp_all_aprime_, tar_costdelta_rsp_all_aprime_, tar_costdeltaabs_rsp_all_aprime_, tar_iso_rsp_all_dprime_, tar_int_rsp_all_dprime_, tar_cost_rsp_all_dprime_, tar_costabs_rsp_all_dprime_, tar_costdelta_rsp_all_dprime_, tar_costdeltaabs_rsp_all_dprime_, tar_iso_rsp_all_PC_, tar_int_rsp_all_PC_, tar_cost_rsp_all_PC_, tar_costabs_rsp_all_PC_, tar_costdelta_rsp_all_PC_, tar_costdeltaabs_rsp_all_PC_, tar_iso_rsp_hit_count_, tar_int_rsp_hit_count_, tar_cost_rsp_hit_count_, tar_costabs_rsp_hit_count_, tar_costdelta_rsp_hit_count_, tar_costdeltaabs_rsp_hit_count_, tar_iso_rsp_hit_rate_, tar_int_rsp_hit_rate_, tar_cost_rsp_hit_rate_, tar_costabs_rsp_hit_rate_, tar_costdelta_rsp_hit_rate_, tar_costdeltaabs_rsp_hit_rate_, tar_iso_rsp_hit_per_, tar_int_rsp_hit_per_, tar_cost_rsp_hit_per_, tar_costabs_rsp_hit_per_, tar_costdelta_rsp_hit_per_, tar_costdeltaabs_rsp_hit_per_, tar_iso_rsp_miss_count_, tar_int_rsp_miss_count_, tar_cost_rsp_miss_count_, tar_costabs_rsp_miss_count_, tar_costdelta_rsp_miss_count_, tar_costdeltaabs_rsp_miss_count_, tar_iso_rsp_miss_rate_, tar_int_rsp_miss_rate_, tar_cost_rsp_miss_rate_, tar_costabs_rsp_miss_rate_, tar_costdelta_rsp_miss_rate_, tar_costdeltaabs_rsp_miss_rate_, tar_iso_rsp_miss_per_, tar_int_rsp_miss_per_, tar_cost_rsp_miss_per_, tar_costabs_rsp_miss_per_, tar_costdelta_rsp_miss_per_, tar_costdeltaabs_rsp_miss_per_, tar_iso_rsp_fa_count_, tar_int_rsp_fa_count_, tar_cost_rsp_fa_count_, tar_costabs_rsp_fa_count_, tar_costdelta_rsp_fa_count_, tar_costdeltaabs_rsp_fa_count_, tar_iso_rsp_fa_rate_, tar_int_rsp_fa_rate_, tar_cost_rsp_fa_rate_, tar_costabs_rsp_fa_rate_, tar_costdelta_rsp_fa_rate_, tar_costdeltaabs_rsp_fa_rate_, tar_iso_rsp_fa_per_, tar_int_rsp_fa_per_, tar_cost_rsp_fa_per_, tar_costabs_rsp_fa_per_, tar_costdelta_rsp_fa_per_, tar_costdeltaabs_rsp_fa_per_, tar_iso_rsp_cr_count_, tar_int_rsp_cr_count_, tar_cost_rsp_cr_count_, tar_costabs_rsp_cr_count_, tar_costdelta_rsp_cr_count_, tar_costdeltaabs_rsp_cr_count_, tar_iso_rsp_cr_rate_, tar_int_rsp_cr_rate_, tar_cost_rsp_cr_rate_, tar_costabs_rsp_cr_rate_, tar_costdelta_rsp_cr_rate_, tar_costdeltaabs_rsp_cr_rate_, tar_iso_rsp_cr_per_, tar_int_rsp_cr_per_, tar_cost_rsp_cr_per_, tar_costabs_rsp_cr_per_, tar_costdelta_rsp_cr_per_, tar_costdeltaabs_rsp_cr_per_, nav_iso_thresh___, nav_int_thresh___, nav_cost_thresh___, nav_costabs_thresh___, nav_costdelta_thresh___, nav_costdeltaabs_thresh___, nav_isoscaled_thresh__, nav_intscaled_thresh__, nav_costscaled_thresh__, nav_costscaledabs_thresh__, nav_iso_msec___, nav_int_msec___, nav_cost_msec___, nav_costabs_msec___, nav_costdelta_msec___, nav_costdeltaabs_msec___, nav_isoscaled_msec__, nav_intscaled_msec__, nav_costscaled_msec__, nav_costscaledabs_msec__, nav_iso_lvl_hit_mean_, nav_int_lvl_hit_mean_, nav_cost_lvl_hit_mean_, nav_costabs_lvl_hit_mean_, nav_costdelta_lvl_hit_mean_, nav_costdeltaabs_lvl_hit_mean_, nav_iso_lvl_hit_sd_, nav_int_lvl_hit_sd_, nav_cost_lvl_hit_sd_, nav_costabs_lvl_hit_sd_, nav_costdelta_lvl_hit_sd_, nav_costdeltaabs_lvl_hit_sd_, nav_iso_lvl_hit_corr_order, nav_int_lvl_hit_corr_order, nav_cost_lvl_hit_corr_order, nav_costabs_lvl_hit_corr_order, nav_costdelta_lvl_hit_corr_order, nav_costdeltaabs_lvl_hit_corr_order, nav_iso_lvl_hit_corr_rank, nav_int_lvl_hit_corr_rank, nav_cost_lvl_hit_corr_rank, nav_costabs_lvl_hit_corr_rank, nav_costdelta_lvl_hit_corr_rank, nav_costdeltaabs_lvl_hit_corr_rank, nav_iso_lvl_miss_mean_, nav_int_lvl_miss_mean_, nav_cost_lvl_miss_mean_, nav_costabs_lvl_miss_mean_, nav_costdelta_lvl_miss_mean_, nav_costdeltaabs_lvl_miss_mean_, nav_iso_lvl_miss_sd_, nav_int_lvl_miss_sd_, nav_cost_lvl_miss_sd_, nav_costabs_lvl_miss_sd_, nav_costdelta_lvl_miss_sd_, nav_costdeltaabs_lvl_miss_sd_, nav_iso_lvl_miss_corr_order, nav_int_lvl_miss_corr_order, nav_cost_lvl_miss_corr_order, nav_costabs_lvl_miss_corr_order, nav_costdelta_lvl_miss_corr_order, nav_costdeltaabs_lvl_miss_corr_order, nav_iso_lvl_miss_corr_rank, nav_int_lvl_miss_corr_rank, nav_cost_lvl_miss_corr_rank, nav_costabs_lvl_miss_corr_rank, nav_costdelta_lvl_miss_corr_rank, nav_costdeltaabs_lvl_miss_corr_rank, tn_iso_thresh___, tn_int_thresh___, tn_cost_thresh___, tn_costabs_thresh___, tn_costdelta_thresh___, tn_costdeltaabs_thresh___, tn_isoscaled_thresh__, tn_intscaled_thresh__, tn_costscaled_thresh__, tn_costscaledabs_thresh__, tn_tradeoff_thresh, tn_iso_msec___, tn_int_msec___, tn_cost_msec___, tn_costabs_msec___, tn_costdelta_msec___, tn_costdeltaabs_msec___, tn_isoscaled_msec__, tn_intscaled_msec__, tn_costscaled_msec__, tn_costscaledabs_msec__, tn_tradeoff_msec"
"9","V1","syn10250481","alcoholuse_403.xls","brightenid, user_id, sent_time_local, sent_time_utc, response_local, response_utc, response_id, audit1, audit2, audit3, audit"
"10","V1","syn10250483","apps_399.xls","brightenid, start, week, user_id, sent_time_local, sent_time_utc, response_local, response_utc, response_id, otherapps"
"11","V1","syn10250484","appsatisfaction_408.xls","brightenid, start, week, user_id, sent_time_local, sent_time_utc, response_local, response_utc, response_id, What.did.you.hope.your.assigned.study.app..Evolution..Problem.Solving.Therapy..or.Ginger.io..would.do.for.you., Did.the.assigned.study.app.meet.your.goals., Do.you.plan.to.continue.using.the.assigned.study.app., Would.you.recommend.this.assigned.study.app.to.others."
"12","V1","syn10250485","baseline.xls","brightenid, Gender, Age, Studygroup, PHQScore, State, education, employed, income1, income2, marital, race, hispanic, referral, specreferral, sideation, ordinalincome, racerecoded, minority, primary, pstactivity, evoactivity, gingeractivity, aceactivity, pstplays, evoplays, bonuscohort, survivaldays, dropout, psychiatrist, therapist, group, book, medication, otherhelp, phq91, phq92, phq93, phq94, phq96, phq98, phq910, phq912"
"13","V1","syn10250486","dailymood_434.xls","brightenid, start, day, user_id, sent_time_local, sent_time_utc, response_local, response_utc, response_id, Feeling.down..depressed..or.hopeless., Little.interest.or.pleasure.in.doing.things., phq2"
"14","V1","syn10250487","energylevels_404.xls","brightenid, user_id, sent_time_local, sent_time_utc, response_local, response_utc, response_id, Did.a.doctor.ever.prescribe.a.medication.called.Lithium.to.you., Were.you.prescribed.any.medication.for.having.a.period.of.being.so.excited.or.irritable.that.you.got.into.trouble.or.your.family.or.friends.worried.about.it., Did.a.doctor.ever.say.you.were.manic.depressive.or.had.bipolar.disorder., Did.a.doctor.ever.say.that.you.have.schizophrenia.or.a.schizoaffective.disorder.or.psychosis."
"15","V1","syn10250488","gad7_402.xls","brightenid, user_id, sent_time_local, sent_time_utc, response_local, response_utc, response_id, ga1, ga2, ga3, ga4, ga5, ga6, ga7, gad7, gadis"
"16","V1","syn5908849","gbf.csv","start, end, user_id, Unreturned.Calls, Mobility, SMS.Length, Call.Duration, Interaction.Diversity, Missed.Interactions, Aggregate.Communication, SMS.Count, Mobility.Radius, Call.Count"
"17","V1","syn5908850","users.csv","user_id, Activation.Status, SMS.Count, Location.Count, Activation.Date..UTC., Profile.ID, Activation.Date..Local., Participant.ID, User.Phone.Type, Timezone.at.Activation, Survey.Completion.Percentage, Group, Call.Count, Cohort"
"18","V1","syn10250489","healthapps_405.xls","brightenid, start, week, user_id, sent_time_local, sent_time_utc, response_local, response_utc, response_id, Why.did.you.download.this.app., For..other...please.type.in.box"
"19","V1","syn6212995","20141010t185403-pst.csv","id, submitted, strategy, area, action_plan, goal, problem, user_id"
"20","V1","syn10250490","mentalhealthservices_400.xls","brightenid, start, week, user_id, sent_time_local, sent_time_utc, response_local, response_utc, response_id, Do.you.see.a.psychiatrist.for.mental.health.or.substance.abuse.treatment., Do.you.see.a.psychologist..social.worker..or.other.counselor.for.mental.health.or.substance.abuse..treatment., Do.you.attend.any.groups.for.mental.health.or.substance.abuse.treatment., Are.you.reading.any.self.help.books.for.mental.health.or.substance.abuse.treatment., Are.you.taking.any.medications.for.mental.health.problems."
"21","V1","syn10250491","moodassessment_407.xls","brightenid, start, week, user_id, sent_time_local, sent_time_utc, response_local, response_utc, response_id, Since.beginning.this.study..how.would.you.describe.the.change..if.any..in.ACTIVITY.LIMITATIONS..SYMPTOMS..EMOTIONS..and.OVERALL.QUALITY.OF.LIFE..related.to.your.mood."
"22","V1","syn10250492","phq9_4.xls","user_id, brightenid, start, week, sent_time_local, sent_time_utc, response_local, response_utc, response_id, ph1, ph2, ph3, ph4, ph5, ph6, ph7, ph8, ph9, phq9, phdis"
"23","V1","syn10250493","qualityoflife_401.xls","brightenid, start, week, user_id, sent_time_local, sent_time_utc, response_local, response_utc, response_id, sds1, sds2, sds3, stress, support, sds"
"24","V1","syn10250494","sleep_406.xls","brightenid, start, week, user_id, sent_time_local, sent_time_utc, response_local, response_utc, response_id, ...on.average.how.long.did.it.take.you.to.fall.asleep., ...on.average.how.long.were.you.actually.asleep., ...on.average.how.long.did.you.lie.awake.after.having.been.asleep."
"25","V1","syn10250495","users.xls","user_id, Activation.Status, SMS.Count, Location.Count, Activation.Date..UTC., Profile.ID, Activation.Date..Local., Participant.ID, User.Phone.Type, Timezone.at.Activation, Survey.Completion.Percentage, Group, Call.Count, Cohort"
"26","V2","syn10149583","gps_agg_brighten_v2.tsv","username, gps_date, gps_hod, longitude, latitude"
"27","V2","syn10169032","gps_features_brighten_v2.tsv","username, gps_date, med_lon_perDay, med_lat_perDay, dist_kurtosis, dist_skewness, dist_mean, dist_median, dist_var, dist_sd, dist_iqr, total_displacement_from_daily_median_position, total_displacement_from_study_median_position, noMoves, study_med_lon, study_med_lat, shortMoves, averageMoves, largeMoves, trueDailyDisplacement, dispHour_0_6, dispHour_7_9, dispHour_10_12, dispHour_13_16, dispHour_17_20, dispHour_21_23"
"28","V2","syn11687434","mdata_brighten_v2.tsv","Response ID, Status, Language, Referer, ip_address, longitude, latitude, country, city, state, speak_spanish, bilingual, spanish_primary_language_phone, iphone5_or_newer, android, ipad, read_in_spanish, spanish_primary_language, spanish_mother_tongue, gender, read_english, education, working, income_satisfaction, income_lastyear, marital_status, race, hispanic_latino, age, heard_about_us, heard_about_us_language, english_native_language, sum_phq9, sum_phq10, time_started, time_submitted, userAgent, onBoardingTime, device, treatment, groupColor, userId"
"29","V2","syn10165199","passivedata_brighten_v2.tsv","username, passive_date, call_duration_secs-Incoming, call_duration_secs-Missed, call_duration_secs-Outgoing, call_hour_0-Incoming, call_hour_0-Missed, call_hour_0-Outgoing, call_hour_1-Incoming, call_hour_1-Missed, call_hour_1-Outgoing, call_hour_10-Incoming, call_hour_10-Missed, call_hour_10-Outgoing, call_hour_11-Incoming, call_hour_11-Missed, call_hour_11-Outgoing, call_hour_12-Incoming, call_hour_12-Missed, call_hour_12-Outgoing, call_hour_13-Incoming, call_hour_13-Missed, call_hour_13-Outgoing, call_hour_14-Incoming, call_hour_14-Missed, call_hour_14-Outgoing, call_hour_15-Incoming, call_hour_15-Missed, call_hour_15-Outgoing, call_hour_16-Incoming, call_hour_16-Missed, call_hour_16-Outgoing, call_hour_17-Incoming, call_hour_17-Missed, call_hour_17-Outgoing, call_hour_18-Incoming, call_hour_18-Missed, call_hour_18-Outgoing, call_hour_19-Incoming, call_hour_19-Missed, call_hour_19-Outgoing, call_hour_2-Incoming, call_hour_2-Missed, call_hour_2-Outgoing, call_hour_20-Incoming, call_hour_20-Missed, call_hour_20-Outgoing, call_hour_21-Incoming, call_hour_21-Missed, call_hour_21-Outgoing, call_hour_22-Incoming, call_hour_22-Missed, call_hour_22-Outgoing, call_hour_23-Incoming, call_hour_23-Missed, call_hour_23-Outgoing, call_hour_3-Incoming, call_hour_3-Missed, call_hour_3-Outgoing, call_hour_4-Incoming, call_hour_4-Missed, call_hour_4-Outgoing, call_hour_5-Incoming, call_hour_5-Missed, call_hour_5-Outgoing, call_hour_6-Incoming, call_hour_6-Missed, call_hour_6-Outgoing, call_hour_7-Incoming, call_hour_7-Missed, call_hour_7-Outgoing, call_hour_8-Incoming, call_hour_8-Missed, call_hour_8-Outgoing, call_hour_9-Incoming, call_hour_9-Missed, call_hour_9-Outgoing, numCalls-Incoming, numCalls-Missed, numCalls-Outgoing, numTexts-, numTexts-Received, numTexts-Sent, text_hour_0-, text_hour_0-Received, text_hour_0-Sent, text_hour_1-, text_hour_1-Received, text_hour_1-Sent, text_hour_10-, text_hour_10-Received, text_hour_10-Sent, text_hour_11-, text_hour_11-Received, text_hour_11-Sent, text_hour_12-, text_hour_12-Received, text_hour_12-Sent, text_hour_13-, text_hour_13-Received, text_hour_13-Sent, text_hour_14-, text_hour_14-Received, text_hour_14-Sent, text_hour_15-, text_hour_15-Received, text_hour_15-Sent, text_hour_16-, text_hour_16-Received, text_hour_16-Sent, text_hour_17-, text_hour_17-Received, text_hour_17-Sent, text_hour_18-, text_hour_18-Received, text_hour_18-Sent, text_hour_19-, text_hour_19-Received, text_hour_19-Sent, text_hour_2-, text_hour_2-Received, text_hour_2-Sent, text_hour_20-, text_hour_20-Received, text_hour_20-Sent, text_hour_21-, text_hour_21-Received, text_hour_21-Sent, text_hour_22-, text_hour_22-Received, text_hour_22-Sent, text_hour_23-, text_hour_23-Received, text_hour_23-Sent, text_hour_3-, text_hour_3-Received, text_hour_3-Sent, text_hour_4-, text_hour_4-Received, text_hour_4-Sent, text_hour_5-, text_hour_5-Received, text_hour_5-Sent, text_hour_6-, text_hour_6-Received, text_hour_6-Sent, text_hour_7-, text_hour_7-Received, text_hour_7-Sent, text_hour_8-, text_hour_8-Received, text_hour_8-Sent, text_hour_9-, text_hour_9-Received, text_hour_9-Sent, text_length-, text_length-Received, text_length-Sent, uniqueNumbers-Incoming, uniqueNumbers-Missed, uniqueNumbers-Outgoing, uniqueNumbersTexted-, uniqueNumbersTexted-Received, uniqueNumbersTexted-Sent"
"30","V2","syn10149532","phq2_brighten_v2.tsv","username, day, sum_phq2, phq2_1, phq2_2, phq2_timestamp, phq2_date, phq2_date_minus_one, phq2_hod"
"31","V2","syn10164248","phq9_brighten_v2.tsv","username, day, phq9_1, phq9_2, phq9_3, phq9_4, phq9_5, phq9_6, phq9_7, phq9_8, phq9_9, phq9_10, sum_phq9, phq9_timestamp, phq9_date, phq9_hod"
"32","V2","syn11737979","sds_brighten_v2.tsv","username, In the last week, how much were you set back by stressful events or personal problems such as work, home, social, health, or financial problems?, In the past week, how much support have you received from friends, relatives, co-workers, etc., as a percentage of the amount you needed to cope?, day, sds_score, sds_1, sds_2, sds_3, sds_timestamp, sds_date, sds_hod"
"33","V2","syn10164322","sleep_brighten_v2.tsv","username, sleep_survey_date, time_to_sleep, hoursSlept, time_on_bed_after_gettingup"
"34","V2","syn9974011","audit-c.csv","username, How.often.did.you.have.a.drink.containing.alcohol.in.the.past.year., How.many.drinks.did.you.have.on.a.typical.day.when.you.were.drinking.in.the.past.year., How.often.did.you.have.six.or.more.drinks.on.one.occasion.in.the.past.year., day, createdAt"
"35","V2","syn9954956","brighten participants email linking.xlsx","NA., Username, Email, Treatment, Group.Color, NA..1, NA..2, NA..3, NA..4, NA..5, NA..6, NA..7, NA..8, NA..9, NA..10, NA..11, NA..12, NA..13, NA..14, NA..15, NA..16, NA..17, NA..18"
"36","V2","syn11681838","brighten_participants_email_linking_apratap_edited.xlsx","iPhone, EN00034, kwynnduly.gmail.com, iPST, BLUE.01018"
"37","V2","syn9974012","daily mood 2.3.csv","username, YESTERDAY..were.you.bothered.by.any.of.the.following.problems..Feeling.down..depressed..or.hopeless., YESTERDAY..were.you.bothered.by.any.of.the.following.problems..Irritable.or.Anxious., day, createdAt"
"38","V2","syn11664747","final_mdata_20180105172418-surveyexport.csv","Response.ID, Time.Started, Date.Submitted, Status, Contact.ID, Legacy.Comments, Comments, Language, Referer, Extended.Referer, SessionID, User.Agent, Extended.User.Agent, Tags, IP.Address, Longitude, Latitude, Country, City, State.Region, Postal, sessionID, Do.you.speak.Spanish...Â.Hablas.EspaÃ.ol.., Â.Eres.bilingue..Â..Ingles.y.EspaÃ.ol.Castellano.., Â.CuÃ.l.es.el.idioma.principal.que.utiliza.en.su.telÃ.fono.cuando.estÃ..hablando.or.enviando.mensajes., Â.CuÃ.l.es.la.idioma.en.su.telÃ.fono.cuando.estÃ.s.usando.aplicaciones., Â.Tiene.un.iPhone.5.o.un.modelo.mÃ.s.reciente.., Â.Tiene.un.Android., Â.Tiene.un.iPad.2.o.3...o.mini.iPad., Do.you.have.an.iPhone.5.or.newer., Do.you.have.an.Android., Do.you.have.an.iPad.2.or.3..or.an.iPad.mini., sessionID.1, Do.you.speak.Spanish...Â.Hablas.EspaÃ.ol...1, Â.Eres.bilingue.Â..Ingles.y.EspaÃ.ol.Castellano.., Â.CuÃ.l.es.el.idioma.principal.que.utiliza.en.su.telÃ.fono.cuando.estÃ..hablando.or.enviando.mensajes..1, Â.CuÃ.l.es.la.idioma.en.su.telÃ.fono.cuando.estÃ.s.usando.aplicaciones..1, Â.Tiene.un.iPhone.5.o.un.modelo.mÃ.s.reciente...1, Â.Tiene.un.Android..1, Â.Tiene.un.iPad.2.o.3...o.mini.iPad..1, Do.you.have.an.iPhone.5.or.newer..1, Do.you.have.an.Android..1, Do.you.have.an.iPad.2.or.3..or.an.iPad.mini..1, X..Este.video.se.ve.mejor.en.una.tableta.o.computadora.., X..Este.video.se.ve.mejor.en.una.tableta.o.computadora...1, X, X..This.video.is.best.viewed.on.a.tablet.or.computer.., X..This.video.is.best.viewed.on.a.tablet.or.computer...1, X..Este.video.se.ve.mejor.en.una.tableta.o.computadora...2, X..This.video.is.best.viewed.on.a.tablet.or.computer...2, Verdadero.o.Falso..Puedo.escoger.las.2.aplicaciÃ³nes.que.me.interesa.mas..y.el.estudio.me.va.a.asignar.una.aplicaciÃ³n.al.azar., Verdadero.o.Falso..Puedo.optar.por.dejar.de.participar.en.el.estudio.en.cualquier.momento.., Verdadero.o.Falso..Este.estudio.no.sustituirÃ..a.un.profesional.de.la.salud.mental..AsÃ..mismo..NO.podrÃ..ayudarme.durante.una.crisis, Al.seleccionar..SÃ....reconozco.que.he.leÃ.do.y.entiendo.el.consentimiento.y.estoy.dispuesto.a.participar.en.este.estudio.., Verdadero.o.Falso..Puedo.escoger.las.2.aplicaciÃ³nes.que.me.interesa.mas..y.el.estudio.me.va.a.asignar.una.aplicaciÃ³n.al.azar..1, Verdadero.o.Falso..Puedo.optar.por.dejar.de.participar.en.el.estudio.en.cualquier.momento...1, Verdadero.o.Falso..Este.estudio.no.sustituirÃ..a.un.profesional.de.la.salud.mental..AsÃ..mismo..NO.podrÃ..ayudarme.durante.una.crisis.1, Al.seleccionar..SÃ....reconozco.que.he.leÃ.do.y.entiendo.el.consentimiento.y.estoy.dispuesto.a.participar.en.este.estudio...1, TRUE.or.FALSE..I.will.get.to.choose.the.two.apps.that.most.interest.me..then.the.study.will.assign.one.to.me..like.flipping.a.coin., TRUE.or.FALSE..I.can.choose.to.stop.participating.in.the.study.at.any.time., TRUE.or.FALSE..This.study.will.NOT.replace.a.mental.health.professional..It.will.also.NOT.be.able.to.help.me.in.a.crisis., By.selecting.YES..I.acknowledge.that.I.have.read.through.the.consent.form.and.am.willing.to.participate.in.this.study., TRUE.or.FALSE..I.will.get.to.choose.the.two.apps.that.most.interest.me..then.the.study.will.assign.one.to.me..like.flipping.a.coin..1, TRUE.or.FALSE..I.can.choose.to.stop.participating.in.the.study.at.any.time..1, TRUE.or.FALSE..This.study.will.NOT.replace.a.mental.health.professional..It.will.also.NOT.be.able.to.help.me.in.a.crisis..1, By.selecting.YES..I.acknowledge.that.I.have.read.through.the.consent.form.and.am.willing.to.participate.in.this.study..1, Parece.que.usted.no.estÃ..interesado.en.participar.en.este.estudio..Si.esto.es.correcto..por.favor.haga.un..click..en.el.botÃ³n.a.la.derecha..Si.no.es.asÃ...por.favor.haga.clic.en.el.botÃ³n.a.la.izquiedra.para.regresar., Based.on.your.response..it.appears.that.you.are.not.interested.in.participating.in.this.study..If.this.is.correct..please.click.the.button.below..If.not..please.click.the..back..button., Based.on.your.responses..it.appears.you.are.not.eligible.for.our.study..If.you.would.like.to.review.your.answers..please.hit.the..back..button..If.you.have.reviewed.your.answers.and.they.are.accurate..please.check.the.below.box.and.click.on..next.., Parece.que.usted.no.es.elegible.para.nuestro.estudio...Si.usted.desea.revisar.sus.respuestas..por.favor..pulse.el.botÃ³n.abajo..a.la.izquierda...Si.has.revisado.tus.respuestas.y.son.correctas..por.favor.marque.el.botÃ³n.de.abajoÂ..a.la.derecha.., Si.lo.desea..escriba.un.nombre.aqui..no.tiene.quÃ..ser.su.nombre.real.si.asi.lo.prefiere.., Por.favor..proporcione.su.direcciÃ³n.de.correo.electrÃ³nico..su.email..Tiene.que.ser.una.direcciÃ³n.de.correo.electrÃ³nico.valida.para.que.podemos.trabajar.con.usted.durante.el.estudio..si.usted.es.elegible.para.participaciÃ³n.con.nosotros.., Por.favor.vuelva.a.escribir.su.direcciÃ³n.de.correo.electrÃ³nico..su.email.., Â.Eres.un.hombre.o.una.mujer.., Â.Puede.leer.en.espaÃ.ol.., Â.CuÃ.l.es.el.idioma.principal.que.se.utiliza.en.el.telÃ.fono.cuando.estas.hablando.or.mandando.mensajes., Â.CuÃ.l.es.la.idioma.en.su.telÃ.fono.cuando.estas.usando.aplicaciones., Â.CuÃ.l.es.el.nivel.mÃ.s.alto.de.educaciÃ³n.que.ha.completado., Â.EstÃ..trabajando., Con.respecto.a.sus.ingresos..le.puede.decir., Â.Aproximadamente.lo.que.fue.su.ingreso.en.el.Ãºltimo.aÃ.o., Â.CuÃ.l.es.su.estado.civil.., Â.CuÃ.l.es.su.raza., Por.Favor.describa.su.raza.si.escogiÃ³..mas.de.un.raza., Â.Es.usted.hispano...latino., CuÃ.ntos.aÃ.os.tiene., Â.En.quÃ..cÃ³digo.postal.de.los.Estados.Unidos.vive.usted...Por.favor..introduzca.los.5.dÃ.gitos.del.cÃ³digo.postal..por.ejemplo..00544.o.94305..SÃ³lo.queremos.saber.donde.nuestros.participantes.estan., Â.CÃ³mo.se.enterÃ³.de.nosotros.y.este.estudio., Otra.manera..Por.favor..sea.especÃ.fico...Â.CÃ³mo.se.enterÃ³.de.nosotros.y.este.estudio., Â.En.cual.idioma.se.enterÃ³.de.nosotros.y.este.estudio., Â.Cual.es.su.lengua.materna..su.primera.lengua.., Otra.Â.Cual.es.su.lengua.materna..su.primera.lengua.., If.you.like..provide.a.name..it.doesn.t.have.to.be.a.real.name.if.you.prefer.., Please.provide.your.email.address..This.must.be.a.REAL.email.address.so.that.we.can.work.with.you.during.the.study.if.you.are.eligible.for.participation., Please.re.type.your.email.address., What.is.your.gender., Can.you.read.English., What.is.the.highest.level.of.education.you.ve.completed., Are.you.currently.working., With.respect.to.your.income..would.you.say.you., Approximately.what.was.your.income.in.the.last.year., What.is.your.marital.status., What.is.your.race., Please.describe.your.race.if.you.selected.more.than.one, Are.you.Hispanic.Latino., What.is.your.age.in.years., In.what.ZIP.code.do.you.live...enter.5.digit.ZIP.code..for.example..00544.or.94305..Note..We.just.want.to.see.where.our.participants.come.from., How.did.you.hear.about.us., Other..please.be.specific...How.did.you.hear.about.us., In.what.language.did.you.hear.about.us., Is.English.your..first...or.native..language., Other.Is.English.your..first...or.native..language., X.Escoje.la.frase.palabra.correcta..Anna.________.diez.aÃ.os.y.vive.en.Arizona., Le.gusta.mucho.__________.al.fÃºtbol.con.sus.compaÃ.eros.de.escuela., Se.viste.con.su.camisa._________.para.jugar.al.fÃºtbol., Maria.y.Anna.________.mejores.amigas., Anna.______.llamÃ³.a.Maria.ayer.pero.no.estaba.en.casa., Maria._______.en.la.tienda.comprando.naranjas.cuando.Anna.llamÃ³.Â.Â., Â.CuÃ.les.de.las.siguientes.afirmaciones.son.correctas...Â..Elige.uno., phq9_1, phq9_2, phq9_3, phq9_4, phq9_5, phq9_6, phq9_7, phq9_8, phq9_9, Son.pensamientos.Son.estos.sÃ³lo.pensamientos.de.hacerse.daÃ.o.a.sÃ..mismo..o.tienes.un.plan.especÃ.fico., Tengo.un.plan.Son.estos.sÃ³lo.pensamientos.de.hacerse.daÃ.o.a.sÃ..mismo..o.tienes.un.plan.especÃ.fico., PHQ.9.Score, Auto.Submit.Page..Hides.Back...Next.Buttons., Si.marcÃ³.cualquiera.de.los.problemas..Â.quÃ..tanta.dificultad.le.han.dado.estos.problemas.para.hacer.su.trabajo..encargarse.de.las.tareas.del.hogar..o.llevarse.bien.con.otras.personas., Remove.back.button, Link, New.JavaScript, Little.interest.or.pleasure.in.doing.things, Feeling.down..depressed..or.hopeless, Trouble.falling.or.staying.asleep..or.sleeping.too.much, Feeling.tired.or.having.little.energy, Poor.appetite.or.overeating, Feeling.bad.about.yourself...or.that.you.are.a.failure.or.have.let.yourself.or.your.family.down, Trouble.concentrating.on.things..such.as.reading.the.newspaper.or.watching.television, Moving.or.speaking.so.slowly.that.other.people.could.have.noticed..Or.the.opposite....being.so.fidgety.or.restless.that.you.have.been.moving.around.a.lot.more.than.usual, Thoughts.that.you.would.be.better.off.dead.or.of.hurting.yourself.in.some.way.As.a.reminder..this.study.does.not.provide.a.live.person.for.you.to.speak.with..it.is.a.completely.app.based.study..We.want.to.make.sure.you.have.this.resource..in.case.you.need.to.speak.with.someone.about.how.you.are.feeling..National.Suicide.Prevention.Lifeline.1.800.273.TALK..8255., Are.these.only.thoughts.of.hurting.yourself..or.have.you.considered.implementing.a.specific.plan., PHQ.Score, Remove.back.and.forward.buttons, If.you.checked.offÂ.anyÂ.problems..howÂ.difficultÂ.have.these.problems.made.it.for.you.to.do.your.work..take.care.of.things.at.home..or.get.along.with.other.people., Remove.back.button.1, New.JavaScript.1, Espanol.only.with.iPhone.API.post...submit.survey.sessionID.to.UCSF.import.queue, Espanol.Only.API.post...submit.survey.sessionID.to.UCSF.import.queue, Bilingual..Â.Espanol.with.iPhone.API.post...submit.survey.sessionID.to.UCSF.import.queue, Bilingual..Â.Espanol.with.iPhone.API.post...submit.survey.sessionID.to.UCSF.import.queue.1, Espanol.only.ANDROID.y.iPad.API.post...submit.survey.sessionID.to.UCSF.import.queue, Espanol.Only.ANDROID.y.iPadÂ.API.post...submit.survey.sessionID.to.UCSF.import.queue, Bilingual...Espanol.con.ANDROID.y.iPad.API.post...submit.survey.sessionID.to.UCSF.import.queue, Bilingual...Espanol.con.ANDROID.y.iPadÂ.API.post...submit.survey.sessionID.to.UCSF.import.queue, Espanol.only.ANDROID.API.post...submit.survey.sessionID.to.UCSF.import.queue, Espanol.only.ANDROID.only.API.post...submit.survey.sessionID.to.UCSF.import.queue, Bilingual...Espanol.con.ANDROID.API.post...submit.survey.sessionID.to.UCSF.import.queue, Bilingual...Espanol.con.ANDROID.API.post...submit.survey.sessionID.to.UCSF.import.queue.1, English...iPhone.only.API.post...submit.survey.sessionID.to.UCSF.import.queue, English...iPhone.onlyÂ.API.post...submit.survey.sessionID.to.UCSF.import.queue, Bilingual...English...ANDROID.and.iPad.API.post...submit.survey.sessionID.to.UCSF.import.queue, Bilingual...English...ANDROID.and.iPadÂ.API.post...submit.survey.sessionID.to.UCSF.import.queue, English...ANDROID.and.iPad.API.post...submit.survey.sessionID.to.UCSF.import.queue, English...ANDROID.and.iPadÂ.API.post...submit.survey.sessionID.to.UCSF.import.queue, English...ANDROID.onlyÂ.API.post...submit.survey.sessionID.to.UCSF.import.queue, English...ANDROID.onlyÂ.API.post...submit.survey.sessionID.to.UCSF.import.queue.1, Bilingual...English...ANDROID.onlyÂ.API.post...submit.survey.sessionID.to.UCSF.import.queue, Bilingual...English...ANDROID.onlyÂ.API.post...submit.survey.sessionID.to.UCSF.import.queue.1, English...iPhone.only.API.post...submit.survey.sessionID.to.UCSF.import.queue.1, Bilingual...English...iPhone.onlyÂ.API.post...submit.survey.sessionID.to.UCSF.import.queue, Remove.back.button.2"
"39","V2","syn11673543","final_mdata_20180105172418-surveyexport_edited_apratap.txt","Response ID, Time Started, Date Submitted, Status, Language, Referer, User Agent, ip_address, longitude, latitude, country, city, state, zipcode, speak_spanish, bilingual, spanish_primary_language_phone, spanish_iphone5_or_newer, spanish_android, spanish_ipad, iphone5_or_newer, android, ipad, email_spanish, email_confirm_spanish, gender_spanish, read_in_spanish, spanish_primary_language, spanish_education, spanish_working, spanish_income_satisfaction, spanish_income_level, spanish_marital_status, spanish_race, spanish_race_other, spanish_latino_hispanic, spanish_age, spanish_zipcode, spanish_heard_about_us, spanish_language_heard_about_us, spanish_mother_tongue, spanish_second_mother_tongue, email, retype_email, gender, read_english, education, working, income_satisfaction, income_lastyear, marital_status, race, race_other, hispanic_latino, age, zipcode_2, heard_about_us, heard_about_us_other, heard_about_us_language, english_native_language, sum_phq9_2, sum_phq9, sum_phq10"
"40","V2","syn9974013","gad-7.csv","username, Over.the.last.2.weeks..how.often.have.you.been.bothered.by.any.of.the.following.problems...Feeling.nervous..anxious..or.on.edge, Over.the.last.2.weeks..how.often.have.you.been.bothered.by.any.of.the.following.problems...Not.being.able.to.stop.or.control.worrying, Over.the.last.2.weeks..how.often.have.you.been.bothered.by.any.of.the.following.problems..Worrying.too.much.about.different.things, Over.the.last.2.weeks..how.often.have.you.been.bothered.by.any.of.the.following.problems...Trouble.relaxing, Over.the.last.2.weeks..how.often.have.you.been.bothered.by.any.of.the.following.problems...Being.so.restless.that.it.s.hard.to.sit.still, Over.the.last.2.weeks..how.often.have.you.been.bothered.by.any.of.the.following.problems...Becoming.easily.annoyed.or.irritable, Over.the.last.2.weeks..how.often.have.you.been.bothered.by.any.of.the.following.problems...Feeling.afraid.as.if.something.awful.might.happen, If.you.checked.off.any.problems..how.difficult.have.these.made.it.for.you.to.do.your.work..take.care.of.things.at.home..or.get.along.with.other.people., day, createdAt"
"41","V2","syn9974014","health app overview.csv","username, Why.did.you.download.this.app., day, createdAt"
"42","V2","syn9974015","health tips english.csv","username, Need.a.pick.me.up., Research.shows.that.getting.sunshine.can.actually.improve.mood.and.make.it.easier.to.sleep.at.night..Today..why.don.t.you.try.and.get.out.for.20.minutes.in.the.middle.of.the.day.for.some.sun., More.about.sun.and.mood..Click.Here..http...bit.ly.1NsUSuV, Do.you.always.get.a.good.night.s.sleep., Sleep.is.an.important.part.of.improving.your.concentration..Are.you.interested.in.learning.about.how.to.sleep.better., Need.more.information.on.how.sleep.affects.mood..Click.here..http...wb.md.19R8CPM, More.about.sleep.and.mood..http...1.usa.gov.1JPLk9L, Did.you.know.that.exercise..mind..and.mood.are.all.connected., Exercise.improves.concentration.and.mood..There.is.a.lot.of.research.showing.the.positive.effects.of.exercise..but.you.don.t.have.to.be.a.marathon.runner.to.benefit..Just.walk.more.than.10.000.steps.a.day..Will.you.start.today., Up.for.trying.more.activities..Check.out.this.link...http...wb.md.1iNya2T, Does.your.mind.wander., X.Mind.wandering..is.one.of.the.biggest.culprits.of.poor.concentration.and.mood..Some.mind.wandering.is.good.for.you..but.if.you.wander.to.work..stress..or.other.negative.things..you.will.feel.distracted..Can.you.set.aside.20.minutes.today.to.let.your.mind.wander.to.positive.thoughts., Need.help.focusing..Check.out.this.article.for.mind.wandering.strategies..http...wb.md.24q24le, Not.up.for.being.around.others., Even.if.you.are.not.up.for.seeing.friends.and.family..it.is.important.to.stay.connected.to.those.people.who.we.value.and.feel.supported.by..Why.not.start.by.spending.20.minutes.today.either.emailing..texting..or.meeting.up.with.someone.close.to.you., Want.to.know.more.about.why.socialization.matters..Click.the.link..http...bit.ly.1qyOjxc, Have.you.done.anything.for.yourself.lately., Everyone.needs.a.break.from.their.worries..It.is.important.to.give.your.mind.a.rest.and.focus.on.doing.something.enjoyable.or.engaging.in.an.activity.you.value..Can.you.set.aside.20.minutes.today.to.do.something.simple..even.enjoying.a.nice.cup.of.tea., Want.some.ideas..Click.to.show.me.pleasant.activities..http...bit.ly.1MQ4e9m, Can.games.and.puzzles.help., It.is.important.to.try.something.different.to.challenge.your.mind.and.games.and.puzzles.could.help.you.with.your.concentration..Have.a.new.game.or.puzzle.you.ve.been.wanting.to.try..Set.aside.20.minutes.to.do.so.today., Want.more.information.on.games.and.the.brain..Quit.playing.around.and.click.the.link..http...wb.md.1W4PaI8, Do.you.think.helping.others.can.help.you., Volunteering.can.give.you.a.sense.of.purpose.and.accomplishment..Why.don.t.you.pick.a.volunteer.activity.to.try.out.this.week., Still.not.convinced..Click.here..http...bit.ly.1EmiqLT, Can.diet.really.affect.your.mood., When.your.energy.is.down..or.you.feel.overwhelmed..you.might.find.yourself.taking.the.easy.way.out.food.wise..Can.you.substitute.some.nutritious.snacks.in.place.of.quick...unhealthy.options., Want.to.read.more.about.healthy.eating..Take.a.bite.out.of.this.article..http...wb.md.1rrQKqH, Do.you.balance.your.stress.load.well., Do.you.have.deadlines..exams..or.other.problems.on.your.plate..If.you.are.biting.off.more.than.you.can.chew..try.to.identify.the.unimportant.things.in.your.life.that.are.causing.your.stress..Make.a.list..and.then.start.cutting.those..stressors..from.your.life.., Want.to.de.stress..Read.about.stress.management.here..http...mayocl.in.1cLXNPo, Do.you.see.the.whole.picture., Do.you.know.what.your.perfect.work.life.balance.is..If.not..take.20.minutes.today.and.think.about.these.questions..How.much.time.would.you.ideally.be.working..and.How.much.time.would.you.ideally.be.with.friends..You.can.create.a.pie.chart..collage..anything.to.help.you.visualize.your.perfect.balance..then.make.plans.to.achieve.that.goal., Need.help.finding.a.balance..This.article.is.here.to.help..http...wb.md.1Qv19pF, Is.it.time.for.a.physical., If.you.haven.t.seen.your.doctor.in.more.than.a.year..it.s.time.to.go..Today..why.don.t.you.call.your.doctor.and.make.an.appointment.sometime.in.the.next.month., Nervous.about.seeing.a.doctor.again..Read.more.about.going.to.a.primary.care.physician..http...bit.ly.26lLR2p, Do.you.know.what.others.think.of.you., We.don.t.usually.see.ourselves.as.others.do..You.may.be.surprised.to.know.the.good.things.other.people.see.in.you..Today..why.don.t.you.email.some.friends.and.ask.them.to.help.you.think.about.all.of.your.good.traits..You.can.also.sit.down.and.get.the.brainstorm.started.yourself., Want.tips.to.boost.your.self.image..Click.here.for.more.ideas..http...bit.ly.1NIiJa3, Do.you.know.how.to.ask.for.what.you.need., Is.there.something.you.want.to.tell.someone.or.ask.for.but.are.worried.about.the.response..You.may.be.surprised.at.how.that.person.responds..IF.you.make.your.request.in.the.right.way..Read.more.on.how.to.be.assertive.and.then.think.about.talking.to.that.person.this.week.in.order.to.get.what.you.need., Is.something.still.preventing.you.from.asking.for.what.you.need.or.want..Learn.how.to.ask.for.help.here..http...bit.ly.1r8RxfM, Are.you.organized., If.you.feel.like.you.have.too.much.stuff.and.can.t.find.things.quickly.enough..maybe.it.s.time.to.declutter.your.office.or.home..Today..could.you.spend.20.minutes.getting.rid.of.some.junk.OR.organizing.one.small.part.of.your.office.or.home..even.if.it.s.just.a.drawer., Want.to.learn.more.about.decluttering.your.life..Here.s.a.tip..http...bit.ly.1bu4AKi, Do.you.have.a.goal.you.are.working.towards., If.you.have.something.to.look.forward.to.or.work.toward..you.are.more.likely.to.feel.organized.and.directed..Today..can.you.set.aside.20.minutes.to.think.about.all.the.things.you.would.like.to.do..even.small.things.you.can.do.this.week., Want.an.easy.goal.to.reach..Read.this.article..http...bit.ly.1SXgUY2, Do.you.think.before.you.leap., Having.a.goal.is.just.the.first.step..but.creating.the.plan.to.reach.that.goal.is.crucial..Yesterday..did.you.think.of.any.goals.to.accomplish..If.so..spend.20.minutes.visualizing.yourself.reaching.them..If.not..use.the.time.to.figure.out.a.goal., Need.some.planning.tips..Read.more.in.the.link..http...bit.ly.TKgJYO, Are.you.a.motivated.person., Once.you.have.a.goal.and.a.plan..now.you.have.motivate.yourself.to.do.it..Do.you.know.what.motivates.you.best..Read.up.on.motivation.and.figure.out.what.your.best.motivators.are., Want.a.kick.start.of.motivation..Use.these.tips..http...bit.ly.1dHmCKN, Do.you.have.a.strategy.to.manage.conflicts., The.best.way.to.manage.conflict.is.not.to.have.a.conflict..but.that.s.not.always.possible..Can.you.think.of.how.you.acted.the.last.time.you.were.faced.with.conflict..Read.up.on.ways.to.manage.conflict.and.think.about.what.strategies.could.be.useful.for.you., Still.wondering.what.the.best.way.to.deal.with.conflict.is..Prepare.yourself.with.the.tips.in.this.link..http...bit.ly.1a4Fw1n, Do.you.take.care.of.yourself.when.you.take.care.of.others., Are.you.caring.for.a.sick.family.member..If.you.are.caring.for.a.loved.one.who.is.sick..it.is.important.that.you.take.care.of.yourself..too..You.can.only.be.the.best.caregiver.if.you.are.well.rested.and.take.breaks.., Are.you.struggling.with.caregiving.demands..Click.here.for.helpful.strategies..http...bit.ly.276fmWa, Do.you.know.someone.who.has.struggled.with.depression., Once.someone.has.been.depressed..they.are.more.likely.to.have.another.episode.of.depression..It.is.important.that.you.think.about.the.strategies.you.have.used.this.month.that.had.the.biggest.positive.impact.on.your.mood.and.make.sure.you.keep.doing.them...Can.you.think.of.any.right.now., Want.help.with.preventing.a.depression.relapse..You.are.not.alone..http...bit.ly.1VQIRXV, Do.you.meditate., The.easiest.way.to.take.a.break.from.it.all.is.to.meditate..Read.about.meditation.and.try.practicing.it.for.20.minutes.today..Do.you.feel.more.relaxed.and.ready.for.the.rest.of.the.day., Interested.in.more.meditation.strategies..Click.here..http...bit.ly.1f9Oiu2, Do.you.like.to.try.new.things., Is.there.something.you.have.always.wanted.to.do.but.never.tried..No.need.to.hold.back.â...if.it.is.safe.and.good.for.you..plan.to.do.it.today.or.this.week., Why.not.take.a.chance.and.read.this.link.to.learn.more..http...bit.ly.26lLTHo, Do.you.feel.distracted., Do.you.still.feel.distracted.at.times..with.your.mind.on.other.things.when.you.are.supposed.to.be.focused.on.the.task.in.front.of.you..Read.up.more.on.how.to.be.more.present., Do.you.want.to.feel.more.mindful.and.alert..Read.these.tips..http...bit.ly.1gv6guV, Do.you.want.to.make.lasting.changes.in.your.life., Can.you.think.of.a.lasting.change.you.would.like.to.make..When.you.want.to.make.a.permanent.change.in.your.life..it.is.best.to.take.small.steps.towards.that.goal..Read.more.about.making.permanent.changes.in.your.life..and.then.create.a.plan.to.work.toward.that.change., Want.help.making.a.lasting.change..Read.this.article..http...n.pr.1pu4q2C, What.worked.for.you., Now.that.you.have.had.nearly.a.month.of.suggestions.for.improving.mood..think.about.which.of.those.suggestions.you.d.like.to.make.a.permanent.part.of.your.life..Today..how.about.setting.aside.some.time.to.create.a.plan.for.permanent.change., Do.you.have.a.goal.you.are.working.towards..1, Want.a.kick.start.of.motivation..Use.these.tips..http...bit.ly.1dHmCKN.1, day, createdAt"
"43","V2","syn9974016","health tips.csv","username, Need.a.pick.me.up., Need.a.pick.me.up..1, More.about.sun.and.mood, More.about.sun.and.mood.1, Research.shows.that.getting.sunshine.can.actually.improve.mood.and.make.it.easier.to.sleep.at.night..Today..why.don.t.you.try.and.get.out.for.20.minutes.in.the.middle.of.the.day.for.some.sun., More.about.sun.and.mood..Click.Here..http...bit.ly.1ME2nV4, Want.to.know.more.about.sun.and.mood..Click.Here..http...bit.ly.1ME2nV4, Want.to.learn.more.about.how.to.get.a.good.night.s.sleep., Sleep.is.an.important.part.of.improving.your.concentration...Are.you.interested.in.learning.about.how.to.sleep.better., Need.more.information.on.how.sleep.affects.mood..Click.here..http...1.usa.gov.1JPLk9L, Did.you.know.that.exercise..mind..and.mood.are.all.connected., Exercise.improves.concentration.and.mood..There.is.a.lot.of.research.showing.the.positive.effects.of.exercise..but.you.don.t.have.to.be.a.marathon.runner.to.benefit..Just.walk.more.than.10.000.steps.a.day..Will.you.start.today., Up.for.trying.more.activities..Check.out.this.link..http...bit.ly.1tzZMgq, Does.your.mind.wander., X.Mind.wandering..is.one.of.the.biggest.culprits.of.poor.concentration.and.mood..Some.mind.wandering.is.good.for.you..but.if.you.wander.to.work..stress..or.other.negative.things..you.will.feel.distracted..Can.you.set.aside.20.minutes.today.to.let.your.mind.wander.to.positive.thoughts., Need.help.focusing..Check.out.this.article.for.mind.wandering.strategies..http...bit.ly.1gh8Rt5, Not.up.for.being.around.others., Even.if.you.are.not.up.for.seeing.friends.and.family..it.is.important.to.stay.connected.to.those.people.who.we.value.and.feel.supported.by..Why.not.start.by.spending.20.minutes.today.either.emailing..texting..or.meeting.up.with.someone.close.to.you., Want.to.know.more.about.why.socialization.matters..Click.the.link..http...bit.ly.1IXi1SV, Have.you.done.anything.for.yourself.lately., Everyone.needs.a.break.from.their.worries..It.is.important.to.give.your.mind.a.rest.and.focus.on.doing.something.enjoyable.or.engaging.in.an.activity.you.value..Can.you.set.aside.20.minutes.today.to.do.something.simple..even.enjoying.a.nice.cup.of.tea., Want.some.ideas..Click.to.show.me.pleasant.activities..http...bit.ly.1VeOlfi, Can.games.and.puzzles.help., It.is.important.to.try.something.different.to.challenge.your.mind.and.games.and.puzzles.could.help.you.with.your.concentration..Have.a.new.game.or.puzzle.you.ve.been.wanting.to.try..Set.aside.20.minutes.to.do.so.today., Want.more.information.on.games.and.the.brain..Quit.playing.around.and.click.the.link..http...bit.ly.1WbONd8, Can.helping.others.can.help.you., Volunteering.can.give.you.a.sense.of.purpose.and.accomplishment..Why.don.t.you.pick.a.volunteer.activity.to.do.this.week., Still.not.convinced..Click.here..http...bit.ly.26by66f, Can.diet.really.affect.your.mood., When.your.energy.is.down..or.you.feel.overwhelmed..you.might.find.yourself.taking.the.easy.way.out.food.wise..Can.you.substitute.some.nutritious.snacks.in.place.of.quick...unhealthy.options., Want.to.read.more.about.healthy.eating..Take.a.bite.out.of.this.article..http...bit.ly.1VyGvh5, Do.you.balance.your.stress.load.well., Do.you.have.deadlines..exams..or.other.problems.on.your.plate..If.you.are.biting.off.more.than.you.can.chew..try.to.identify.the.unimportant.things.in.your.life.that.are.causing.you.stress..Make.a.list..and.then.start.cutting.those..stressors..from.your.life.., Want.to.de.stress..Read.about.stress.management.here..http...bit.ly.1KtR1R2, Do.you.see.the.whole.picture., Do.you.know.what.your.perfect.work.life.balance.is..If.not..take.20.minutes.today.and.think.about.these.questions..How.much.time.would.you.ideally.be.working..and.How.much.time.would.you.ideally.be.with.friends..You.can.create.a.pie.chart..collage..anything.to.help.you.visualize.your.perfect.balance..then.make.plans.to.achieve.that.goal., Need.help.finding.a.balance..This.article.is.here.to.help..http...bit.ly.1VySn1O, Is.it.time.for.a.physical., If.you.haven.t.seen.your.doctor.in.more.than.a.year..it.is.time.to.go..Today...why.don.t.you.call.your.doctor.and.make.an.appointment.for.sometime.in.the.next.month., Nervous.about.seeing.a.doctor.again..Read.more.about.going.to.a.primary.care.physician..http...clar.in.1LfxRy3, Do.you.know.what.others.think.of.you., We.don.t.usually.see.ourselves.as.others.do..You.may.be.surprised.to.know.the.good.things.other.people.see.in.you..Today..why.don.t.you.email.some.friends.and.ask.them.to.help.you.think.about.all.of.your.good.traits..You.can.also.sit.down.and.get.the.brainstorm.started.yourself., The.Reflected.Best.Self..http...bit.ly.1WbOWgK, Ready.to.meet.your.best.reflected.self..Click.here.for.more.ideas..http...bit.ly.1WbOWgK, Do.you.know.how.to.ask.for.what.you.need., Is.there.something.you.want.to.tell.someone.or.ask.for.but.are.worried.about.the.response..You.may.be.surprised.at.how.that.person.responds..IF.you.make.your.request.in.the.right.way..Read.more.on.how.to.be.assertive.and.then.think.about.talking.to.that.person.this.week.in.order.to.get.what.you.need., Is.something.still.preventing.you.from.asking.for.what.you.need.or.want..Learn.how.to.ask.for.help.here..http...bit.ly.1WC2JOb, Are.you.organized., If.you.feel.like.you.have.too.much.stuff.and.can.t.find.things.quickly.enough..maybe.it.s.time.to.declutter.your.office.or.home..Today..could.you.spend.20.minutes.getting.rid.of.some.junk.OR.organizing.one.small.part.of.your.office.or.home..even.if.it.s.just.a.drawer., Want.to.learn.more.about.decluttering.your.life..Here.s.a.tip..http...bit.ly.1FoQ0Tm, Do.you.have.a.goal.you.are.working.towards., If.you.have.something.to.look.forward.to.or.work.toward..you.are.more.likely.to.feel.organized..Today..can.you.set.aside.20.minutes.to.think.about.all.the.things.you.would.like.to.do..even.small.things.that.you.can.do.this.week., Want.an.easy.goal.to.reach..Read.this.article..http...bit.ly.1SOWAYQ, Do.you.think.before.you.leap., Having.a.goal.is.just.the.first.step..but.creating.the.plan.to.reach.that.goal.is.crucial..Yesterday..did.you.think.of.any.goals.to.accomplish..If.so..spend.20.minutes.visualizing.yourself.reaching.them..If.not..use.the.time.to.figure.out.a.goal., Need.some.planning.tips..Read.more.in.the.link..http...1.usa.gov.1VySEBZ, Are.you.a.motivated.person., Once.you.have.a.goal.and.a.plan..now.you.have.motivate.yourself.to.do.it..Do.you.know.what.motivates.you.best..Read.up.on.motivation.and.figure.out.what.your.best.motivators.are., Motivate.yourself.with.these.helpful.tricks..http...bit.ly.1hyV0uy, Managing.conflict, Do.you.have.a.strategy.to.manage.conflicts., The.best.way.to.manage.conflict.is.not.to.have.a.conflict..but.that.s.not.always.possible..Can.you.think.of.how.you.acted.the.last.time.you.were.faced.with.conflict..Read.up.on.ways.to.manage.conflict.and.think.about.what.strategies.could.be.useful.for.you., Still.wondering.what.the.best.way.to.deal.with.conflict.is..Prepare.yourself.with.the.tips.in.this.link..http...bit.ly.1w0MPO4, Do.you.take.care.of.yourself.when.you.take.care.of.others., Are.you.caring.for.a.sick.family.member..If.you.are.caring.for.a.loved.one.who.is.sick..it.is.important.that.you.take.care.of.yourself..too..You.can.only.be.the.best.caregiver.if.you.are.well.rested.and.take.breaks., Are.you.struggling.with.caregiving.demands..Click.here.for.caregiving.strategies..http...bit.ly.1SqP64p, Do.you.know.someone.who.has.struggled.with.depression., Once.someone.has.been.depressed..they.are.more.likely.to.have.another.episode.of.depression..It.is.important.that.you.think.about.the.strategies.you.have.used.this.month.that.had.the.biggest.positive.impact.on.your.mood.and.make.sure.you.keep.doing.them...Can.you.think.of.any.right.now., Want.help.with.preventing.a.depression.relapse..You.are.not.alone..http...bit.ly.26byq50, Do.you.meditate., The.easiest.way.to.take.a.break.from.it.all.is.to.meditate..Read.about.meditation.and.try.practicing.it.for.20.minutes.today..Do.you.feel.more.relaxed.and.ready.for.the.rest.of.the.day., Interested.in.more.meditation.strategies..Click.here..http...bit.ly.1RIxNsk, Do.you.like.to.try.new.things., Is.there.something.you.have.always.wanted.to.do.but.never.tried..No.need.to.hold.back.â...if.it.is.safe.and.good.for.you..plan.to.do.it.today.or.this.week., Why.not.take.a.chance.and.read.this.link.to.learn.more..http...bit.ly.1S6EPs8, Do.you.feel.distracted.often., Do.you.still.feel.distracted.at.times..with.your.mind.on.other.things.when.you.are.supposed.to.be.focused.on.the.task.in.front.of.you..Read.up.more.on.how.to.be.more.present., Do.you.want.to.feel.more.mindful.and.alert..Read.these.tips..http...bit.ly.1VeOWxx, Do.you.want.to.make.lasting.changes.in.your.life., Can.you.think.of.a.lasting.change.you.would.like.to.make..When.you.want.to.make.a.permanent.change.in.your.life..it.is.best.to.take.small.steps.towards.that.goal..Read.more.about.making.permanent.changes.in.your.life..and.then.create.a.plan.to.work.toward.that.change., Want.help.making.a.lasting.change..Read.this.article..http...bit.ly.1W8P29Z, What.worked.for.you., Now.that.you.have.had.nearly.a.month.of.suggestions.for.improving.mood..think.about.which.of.those.suggestions.you.d.like.to.make.a.permanent.part.of.your.life..Today..how.about.setting.aside.some.time.to.create.a.plan.for.permanent.change., Research.shows.that.getting.sunshine.can.actually.improve.mood.and.make.it.easier.to.sleep.at.night..Today..why.don.t.you.try.and.get.out.for.20.minutes.in.the.middle.of.the.day.for.some.sun..1, Nervous.about.seeing.a.doctor.again..Read.more.about.going.to.a.primary.care.physician...http...bit.ly.26lLR2p, Want.a.kick.start.of.motivation..Use.these.tips..http...bit.ly.1hyV0uy, day, createdAt"
"44","V2","syn9974017","impact-mh.csv","username, Do.you.see.a.psychiatrist.for.mental.health.or.substance.abuse.treatment., Do.you.see.a.psychologist..social.worker..or.other.counselor.for.mental.health.or.substance.abuse..treatment., Do.you.attend.any.groups.for.mental.health.or.substance.abuse.treatment., Are.you.reading.any.self.help.books.for.mental.health.or.substance.abuse.treatment., Are.you.taking.any.medications.for.mental.health.problems., day, createdAt"
"45","V2","syn9974018","impact.csv","username, Did.a.doctor.ever.prescribe.a.medication.called.Lithium.to.you., Were.you.prescribed.any.medication.for.having.a.period.of.being.so.excited.or.irritable.that.you.got.into.trouble.or.your.family.or.friends.worried.about.it., Did.a.doctor.ever.say.you.were.manic.depressive.or.had.bipolar.disorder., Did.a.doctor.ever.say.that.you.have.schizophrenia.or.a.schizoaffective.disorder.or.psychosis., day, createdAt"
"46","V2","syn9974019","pgic.csv","username, Since.beginning.this.study..how.would.you.describe.the.change..if.any..in.ACTIVITY.LIMITATIONS..SYMPTOMS..EMOTIONS..and.OVERALL.QUALITY.OF.LIFE..related.to.your.mood..., day, createdAt"
"47","V2","syn9974020","phq-9.csv","username, Over.the.last.2.weeks..how.often.have.you.been.bothered.by.any.of.the.following.problems...Little.interest.or.pleasure.in.doing.things, Over.the.last.2.weeks..how.often.have.you.been.bothered.by.any.of.the.following.problems...Feeling.down.depressed.or.hopeless, Over.the.last.2.weeks..how.often.have.you.been.bothered.by.any.of.the.following.problems...Trouble.falling.or.staying.asleep.or.sleeping.to.much, Over.the.last.2.weeks..how.often.have.you.been.bothered.by.any.of.the.following.problems...Feeling.tired.or.having.little.energy, Over.the.last.2.weeks..how.often.have.you.been.bothered.by.any.of.the.following.problems...Poor.appetite.or.overeating, Over.the.last.2.weeks..how.often.have.you.been.bothered.by.any.of.the.following.problems...Feeling.bad.abut.yourself..or.that.you.have.let.yourself.or.your.family.down, Over.the.last.2.weeks..how.often.have.you.been.bothered.by.any.of.the.following.problems...Trouble.concentrating.on.things..such.as.reading.the.newspaper.or.watching.television, Over.the.last.2.weeks..how.often.have.you.been.bothered.by.any.of.the.following.problems...Moving.or.speaking.so.slowly.that.other.people.could.have.noticed..Or.the.oppositely.being.so.fidgety.or.restless.that.you.have.been.moving.around.a.lot.more.than.usual., Over.the.last.2.weeks..how.often.have.you.been.bothered.by.any.of.the.following.problems...Thoughts.that.you.would.be.better.off.dead.or.of.hurting.yourself, If.you.checked.off.any.problems..how.difficult.have.these.made.it.for.you.to.do.your.work..take.care.of.things.at.home..or.get.along.with.other.people., day, createdAt"
"48","V2","syn9974021","sds.csv","username, How.much.in.the.last.week.have.your.symptoms.disrupted.your.work., How.much.in.the.last.week.have.your.symptoms.disrupted.your.work..1, How.much.in.the.last.week.have.these.symptoms.disrupted.your.social.life., How.much.in.the.last.week.have.these.symptoms.disrupted.your.family.life.home.responsibilities., In.the.last.week..how.much.were.you.set.back.by.stressful.events.or.personal.problems.such.as.work..home..social..health..or.financial.problems., In.the.past.week..how.much.support.have.you.received.from.friends..relatives..co.workers..etc...as.a.percentage.of.the.amount.you.needed.to.cope., day, createdAt"
"49","V2","syn9974022","sleep.csv","username, Thinking.about.your.time.in.bed.at.nightÂ.over.the.past.week..on.average.how.long.did.it.take.you.to.fall.asleep.Â., Thinking.about.your.time.in.bed.at.nightÂ.over.the.past.week..on.average.how.long.were.you.actually.asleep..., Thinking.about.your.time.in.bed.at.nightÂ.over.the.past.week..on.average.how.long.did.you.lie.awake.after.having.been.asleep.., day, createdAt"
"50","V2","syn9954957","surveygizmo_brighten 2.0_eligibility.csv","Response.ID, Time.Started, Date.Submitted, Status, Contact.ID, Legacy.Comments, Comments, Language, Referer, Extended.Referer, SessionID, User.Agent, Extended.User.Agent, Tags, IP.Address, Longitude, Latitude, Country, City, State.Region, Postal, sessionID, Do.you.speak.Spanish...ËHablas.Espaí.ol.., ËEres.bilingue..æ.Ingles.y.Espaí.ol.Castellano.., ËCuíçl.es.el.idioma.principal.que.utiliza.en.su.telí.fono.cuando.estíç.hablando.or.enviando.mensajes., ËCuíçl.es.la.idioma.en.su.telí.fono.cuando.estíçs.usando.aplicaciones., ËTiene.un.iPhone.5.o.un.modelo.míçs.reciente.., ËTiene.un.Android., ËTiene.un.iPad.2.o.3...o.mini.iPad., Do.you.have.an.iPhone.5.or.newer., Do.you.have.an.Android., Do.you.have.an.iPad.2.or.3..or.an.iPad.mini., sessionID.1, Do.you.speak.Spanish...ËHablas.Espaí.ol...1, ËEres.bilingue.æ.Ingles.y.Espaí.ol.Castellano.., ËCuíçl.es.el.idioma.principal.que.utiliza.en.su.telí.fono.cuando.estíç.hablando.or.enviando.mensajes..1, ËCuíçl.es.la.idioma.en.su.telí.fono.cuando.estíçs.usando.aplicaciones..1, ËTiene.un.iPhone.5.o.un.modelo.míçs.reciente...1, ËTiene.un.Android..1, ËTiene.un.iPad.2.o.3...o.mini.iPad..1, Do.you.have.an.iPhone.5.or.newer..1, Do.you.have.an.Android..1, Do.you.have.an.iPad.2.or.3..or.an.iPad.mini..1, X..Este.video.se.ve.mejor.en.una.tableta.o.computadora.., X..Este.video.se.ve.mejor.en.una.tableta.o.computadora...1, X, X..This.video.is.best.viewed.on.a.tablet.or.computer.., X..This.video.is.best.viewed.on.a.tablet.or.computer...1, X..Este.video.se.ve.mejor.en.una.tableta.o.computadora...2, X..This.video.is.best.viewed.on.a.tablet.or.computer...2, Verdadero.o.Falso..Puedo.escoger.las.2.aplicacií_nes.que.me.interesa.mas..y.el.estudio.me.va.a.asignar.una.aplicacií_n.al.azar., Verdadero.o.Falso..Puedo.optar.por.dejar.de.participar.en.el.estudio.en.cualquier.momento.., Verdadero.o.Falso..Este.estudio.no.sustituiríç.a.un.profesional.de.la.salud.mental..Así_.mismo..NO.podríç.ayudarme.durante.una.crisis, Al.seleccionar..Sí_...reconozco.que.he.leí_do.y.entiendo.el.consentimiento.y.estoy.dispuesto.a.participar.en.este.estudio.., Verdadero.o.Falso..Puedo.escoger.las.2.aplicacií_nes.que.me.interesa.mas..y.el.estudio.me.va.a.asignar.una.aplicacií_n.al.azar..1, Verdadero.o.Falso..Puedo.optar.por.dejar.de.participar.en.el.estudio.en.cualquier.momento...1, Verdadero.o.Falso..Este.estudio.no.sustituiríç.a.un.profesional.de.la.salud.mental..Así_.mismo..NO.podríç.ayudarme.durante.una.crisis.1, Al.seleccionar..Sí_...reconozco.que.he.leí_do.y.entiendo.el.consentimiento.y.estoy.dispuesto.a.participar.en.este.estudio...1, TRUE.or.FALSE..I.will.get.to.choose.the.two.apps.that.most.interest.me..then.the.study.will.assign.one.to.me..like.flipping.a.coin., TRUE.or.FALSE..I.can.choose.to.stop.participating.in.the.study.at.any.time., TRUE.or.FALSE..This.study.will.NOT.replace.a.mental.health.professional..It.will.also.NOT.be.able.to.help.me.in.a.crisis., By.selecting.YES..I.acknowledge.that.I.have.read.through.the.consent.form.and.am.willing.to.participate.in.this.study., TRUE.or.FALSE..I.will.get.to.choose.the.two.apps.that.most.interest.me..then.the.study.will.assign.one.to.me..like.flipping.a.coin..1, TRUE.or.FALSE..I.can.choose.to.stop.participating.in.the.study.at.any.time..1, TRUE.or.FALSE..This.study.will.NOT.replace.a.mental.health.professional..It.will.also.NOT.be.able.to.help.me.in.a.crisis..1, By.selecting.YES..I.acknowledge.that.I.have.read.through.the.consent.form.and.am.willing.to.participate.in.this.study..1, Parece.que.usted.no.estíç.interesado.en.participar.en.este.estudio..Si.esto.es.correcto..por.favor.haga.un..click..en.el.botí_n.a.la.derecha..Si.no.es.así_..por.favor.haga.clic.en.el.botí_n.a.la.izquiedra.para.regresar., Based.on.your.response..it.appears.that.you.are.not.interested.in.participating.in.this.study..If.this.is.correct..please.click.the.button.below..If.not..please.click.the..back..button., Based.on.your.responses..it.appears.you.are.not.eligible.for.our.study..If.you.would.like.to.review.your.answers..please.hit.the..back..button..If.you.have.reviewed.your.answers.and.they.are.accurate..please.check.the.below.box.and.click.on..next.., Parece.que.usted.no.es.elegible.para.nuestro.estudio...Si.usted.desea.revisar.sus.respuestas..por.favor..pulse.el.botí_n.abajo..a.la.izquierda...Si.has.revisado.tus.respuestas.y.son.correctas..por.favor.marque.el.botí_n.de.abajoæ.a.la.derecha.., Si.lo.desea..escriba.un.nombre.aqui..no.tiene.quí..ser.su.nombre.real.si.asi.lo.prefiere.., Por.favor..proporcione.su.direccií_n.de.correo.electrí_nico..su.email..Tiene.que.ser.una.direccií_n.de.correo.electrí_nico.valida.para.que.podemos.trabajar.con.usted.durante.el.estudio..si.usted.es.elegible.para.participacií_n.con.nosotros.., Por.favor.vuelva.a.escribir.su.direccií_n.de.correo.electrí_nico..su.email.., ËEres.un.hombre.o.una.mujer.., ËPuede.leer.en.espaí.ol.., ËCuíçl.es.el.idioma.principal.que.se.utiliza.en.el.telí.fono.cuando.estas.hablando.or.mandando.mensajes., ËCuíçl.es.la.idioma.en.su.telí.fono.cuando.estas.usando.aplicaciones., ËCuíçl.es.el.nivel.míçs.alto.de.educacií_n.que.ha.completado., ËEstíç.trabajando., Con.respecto.a.sus.ingresos..le.puede.decir., ËAproximadamente.lo.que.fue.su.ingreso.en.el.í_ltimo.aí.o., ËCuíçl.es.su.estado.civil.., ËCuíçl.es.su.raza., Por.Favor.describa.su.raza.si.escogií_..mas.de.un.raza., ËEs.usted.hispano...latino., Cuíçntos.aí.os.tiene., ËEn.quí..cí_digo.postal.de.los.Estados.Unidos.vive.usted...Por.favor..introduzca.los.5.dí_gitos.del.cí_digo.postal..por.ejemplo..00544.o.94305..Sí_lo.queremos.saber.donde.nuestros.participantes.estan., ËCí_mo.se.enterí_.de.nosotros.y.este.estudio., Otra.manera..Por.favor..sea.especí_fico...ËCí_mo.se.enterí_.de.nosotros.y.este.estudio., ËEn.cual.idioma.se.enterí_.de.nosotros.y.este.estudio., ËCual.es.su.lengua.materna..su.primera.lengua.., Otra.ËCual.es.su.lengua.materna..su.primera.lengua.., If.you.like..provide.a.name..it.doesn.t.have.to.be.a.real.name.if.you.prefer.., Please.provide.your.email.address..This.must.be.a.REAL.email.address.so.that.we.can.work.with.you.during.the.study.if.you.are.eligible.for.participation., Please.re.type.your.email.address., What.is.your.gender., Can.you.read.English., What.is.the.highest.level.of.education.you.ve.completed., Are.you.currently.working., With.respect.to.your.income..would.you.say.you., Approximately.what.was.your.income.in.the.last.year., What.is.your.marital.status., What.is.your.race., Please.describe.your.race.if.you.selected.more.than.one, Are.you.Hispanic.Latino., What.is.your.age.in.years., In.what.ZIP.code.do.you.live...enter.5.digit.ZIP.code..for.example..00544.or.94305..Note..We.just.want.to.see.where.our.participants.come.from., How.did.you.hear.about.us., Other..please.be.specific...How.did.you.hear.about.us., In.what.language.did.you.hear.about.us., Is.English.your..first...or.native..language., Other.Is.English.your..first...or.native..language., Escoje.la.frase.palabra.correcta..Anna.________.diez.aí.os.y.vive.en.Arizona., Le.gusta.mucho.__________.al.fí_tbol.con.sus.compaí.eros.de.escuela., Se.viste.con.su.camisa._________.para.jugar.al.fí_tbol., Maria.y.Anna.________.mejores.amigas., Anna.______.llamí_.a.Maria.ayer.pero.no.estaba.en.casa., Maria._______.en.la.tienda.comprando.naranjas.cuando.Anna.llamí_.ææ, ËCuíçles.de.las.siguientes.afirmaciones.son.correctas...æ.Elige.uno., phq9_1, phq9_2, phq9_3, phq9_4, phq9_5, phq9_6, phq9_7, phq9_8, phq9_9, Son.pensamientos.Son.estos.sí_lo.pensamientos.de.hacerse.daí.o.a.sí_.mismo..o.tienes.un.plan.especí_fico., Tengo.un.plan.Son.estos.sí_lo.pensamientos.de.hacerse.daí.o.a.sí_.mismo..o.tienes.un.plan.especí_fico., PHQ.9.Score, Auto.Submit.Page..Hides.Back...Next.Buttons., Si.marcí_.cualquiera.de.los.problemas..Ëquí..tanta.dificultad.le.han.dado.estos.problemas.para.hacer.su.trabajo..encargarse.de.las.tareas.del.hogar..o.llevarse.bien.con.otras.personas., Little.interest.or.pleasure.in.doing.things, Feeling.down..depressed..or.hopeless, Trouble.falling.or.staying.asleep..or.sleeping.too.much, Feeling.tired.or.having.little.energy, Poor.appetite.or.overeating, Feeling.bad.about.yourself...or.that.you.are.a.failure.or.have.let.yourself.or.your.family.down, Trouble.concentrating.on.things..such.as.reading.the.newspaper.or.watching.television, Moving.or.speaking.so.slowly.that.other.people.could.have.noticed..Or.the.opposite....being.so.fidgety.or.restless.that.you.have.been.moving.around.a.lot.more.than.usual, Thoughts.that.you.would.be.better.off.dead.or.of.hurting.yourself.in.some.way.As.a.reminder..this.study.does.not.provide.a.live.person.for.you.to.speak.with..it.is.a.completely.app.based.study..We.want.to.make.sure.you.have.this.resource..in.case.you.need.to.speak.with.someone.about.how.you.are.feeling..National.Suicide.Prevention.Lifeline.1.800.273.TALK..8255., Are.these.only.thoughts.of.hurting.yourself..or.have.you.considered.implementing.a.specific.plan., PHQ.Score, Remove.back.and.forward.buttons, If.you.checked.offæanyæproblems..howædifficultæhave.these.problems.made.it.for.you.to.do.your.work..take.care.of.things.at.home..or.get.along.with.other.people., Remove.back.button, New.JavaScript, Espanol.only.with.iPhone.API.post...submit.survey.sessionID.to.UCSF.import.queue, Espanol.Only.API.post...submit.survey.sessionID.to.UCSF.import.queue, Bilingual..æEspanol.with.iPhone.API.post...submit.survey.sessionID.to.UCSF.import.queue, Bilingual..æEspanol.with.iPhone.API.post...submit.survey.sessionID.to.UCSF.import.queue.1, Espanol.only.ANDROID.y.iPad.API.post...submit.survey.sessionID.to.UCSF.import.queue, Espanol.Only.ANDROID.y.iPadæAPI.post...submit.survey.sessionID.to.UCSF.import.queue, Bilingual...Espanol.con.ANDROID.y.iPad.API.post...submit.survey.sessionID.to.UCSF.import.queue, Bilingual...Espanol.con.ANDROID.y.iPadæAPI.post...submit.survey.sessionID.to.UCSF.import.queue, Espanol.only.ANDROID.API.post...submit.survey.sessionID.to.UCSF.import.queue, Espanol.only.ANDROID.only.API.post...submit.survey.sessionID.to.UCSF.import.queue, Bilingual...Espanol.con.ANDROID.API.post...submit.survey.sessionID.to.UCSF.import.queue, Bilingual...Espanol.con.ANDROID.API.post...submit.survey.sessionID.to.UCSF.import.queue.1, English...iPhone.only.API.post...submit.survey.sessionID.to.UCSF.import.queue, English...iPhone.onlyæAPI.post...submit.survey.sessionID.to.UCSF.import.queue, Bilingual...English...ANDROID.and.iPad.API.post...submit.survey.sessionID.to.UCSF.import.queue, Bilingual...English...ANDROID.and.iPadæAPI.post...submit.survey.sessionID.to.UCSF.import.queue, English...ANDROID.and.iPad.API.post...submit.survey.sessionID.to.UCSF.import.queue, English...ANDROID.and.iPadæAPI.post...submit.survey.sessionID.to.UCSF.import.queue, English...ANDROID.onlyæAPI.post...submit.survey.sessionID.to.UCSF.import.queue, English...ANDROID.onlyæAPI.post...submit.survey.sessionID.to.UCSF.import.queue.1, Bilingual...English...ANDROID.onlyæAPI.post...submit.survey.sessionID.to.UCSF.import.queue, Bilingual...English...ANDROID.onlyæAPI.post...submit.survey.sessionID.to.UCSF.import.queue.1, English...iPhone.only.API.post...submit.survey.sessionID.to.UCSF.import.queue.1, Bilingual...English...iPhone.onlyæAPI.post...submit.survey.sessionID.to.UCSF.import.queue, Remove.back.button.1"
"51","V2","syn11784453","translated columns_20180205134334-surveyexport.csv","Response.ID, Time.Started, Date.Submitted, Status, Contact.ID, Legacy.Comments, Comments, Language, Referer, Extended.Referer, SessionID, User.Agent, Extended.User.Agent, Tags, IP.Address, Longitude, Latitude, Country, City, State.Region, Postal, Invite.Status, Email, First.Name, Last.Name, Organization, Division, Department, Team, Group, Role, Is.Manager, Phone..Home., Phone..Fax., Phone..Work., Address.1, Suite.Apt, City.1, State.Region.1, Postal.Code, Job.Title, Website, Country.1, Source, Invite.Custom.Field.1, Invite.Custom.Field.2, Invite.Custom.Field.3, Invite.Custom.Field.4, Invite.Custom.Field.5, Invite.Custom.Field.6, Invite.Custom.Field.7, Invite.Custom.Field.8, Invite.Custom.Field.9, Invite.Custom.Field.10, Link.Name, URL.Variable..action, URL.Variable..bht.247a892b.e67e.4788.9f43.8797c66f1357_7, URL.Variable..controller, URL.Variable..id, URL.Variable..link_id, URL.Variable..module, New.Radio.Buttons, Are.you.willing.to.participate., After.seeing.the.explanatory.video..do.you.think, X, Yes..there.are.too.many.steps.or.too.complicated, No..there.are.not.too.many.steps.or.is.not.too.complicated, Yes..I.would.be.interested.in.participating.in.this.study, No..I.would.not.want.to.participate.in.this.study, Yes..I.understand.what.this.study.is.asking.for, No..I.do.not.understand.what.this.study.is.asking.for, I.thought.and.hoped.this.study.would.be.something.else, I.thought.and.hoped.this.study.would.be.something.else.1, It.is.sufficient.renumeration.for.participation, It.is.sufficient.renumeration.for.participation.1, Beyond.money..I.am.sure.that.this.will.help.me, Beyond.money..I.am.sure.that.this.will.help.me.1, I.was.annoyed.that.I.was.randomized.to.one.of.the.treatments, I.was.annoyed.that.I.was.randomized.to.one.of.the.treatments.1, I.have.confidence.in.these.investigators.after.seeing.the.video, I.have.confidence.in.these.investigators.after.seeing.the.video.1, I.have.confidence.in.this.study.given.that.it.was.funded.by.NIH, I.have.confidence.in.this.study.given.that.it.was.funded.by.NIH.1"
"52","V2","syn11614253","calls.csv","username, phoneNumber, duration, timeStam., type"
"53","V2","syn9952134","gps.csv","username, longitude, latitude, date"
"54","V2","syn9952132","messages.csv","username, phoneNumber, length, timeStamp, type"
